checkins,26/07/2015,0
checkins,27/07/2015,0
checkins,28/07/2015,0
checkins,29/07/2015,0
checkins,30/07/2015,0
checkins,31/07/2015,0
checkins,01/08/2015,0
checkins,02/08/2015,0
checkins,03/08/2015,0
checkins,04/08/2015,0
checkins,05/08/2015,0
checkins,06/08/2015,0
checkins,07/08/2015,0
checkins,08/08/2015,0
checkins,09/08/2015,0
checkins,10/08/2015,0
checkins,11/08/2015,0
checkins,12/08/2015,0
checkins,13/08/2015,0
checkins,14/08/2015,0
checkins,15/08/2015,0
checkins,16/08/2015,0
checkins,17/08/2015,0
checkins,18/08/2015,0
checkins,19/08/2015,0
checkins,20/08/2015,0
checkins,21/08/2015,0
checkins,22/08/2015,0
checkins,23/08/2015,0
checkins,24/08/2015,0
checkins,25/08/2015,0
checkins,27/08/2015,0
checkins,28/08/2015,0
checkins,29/08/2015,0
checkins,30/08/2015,0
checkins,31/08/2015,0
checkins,01/09/2015,0
checkins,02/09/2015,0
checkins,03/09/2015,0
checkins,04/09/2015,0
checkins,05/09/2015,0
checkins,06/09/2015,0
checkins,07/09/2015,0
checkins,08/09/2015,0
checkins,09/09/2015,0
checkins,10/09/2015,0
checkins,11/09/2015,0
checkins,12/09/2015,0
checkins,13/09/2015,0
checkins,14/09/2015,0
checkins,15/09/2015,0
checkins,16/09/2015,0
checkins,17/09/2015,0
checkins,18/09/2015,0
checkins,19/09/2015,0
checkins,20/09/2015,0
checkins,21/09/2015,0
checkins,22/09/2015,0
checkins,23/09/2015,0
checkins,24/09/2015,0
checkins,25/09/2015,0
checkins,26/09/2015,0
checkins,27/09/2015,0
checkins,28/09/2015,0
checkins,29/09/2015,0
checkins,30/09/2015,0
checkins,01/10/2015,0
checkins,02/10/2015,0
checkins,03/10/2015,0
checkins,04/10/2015,0
checkins,05/10/2015,0
checkins,06/10/2015,0
checkins,07/10/2015,0
checkins,08/10/2015,0
checkins,09/10/2015,0
checkins,10/10/2015,0
checkins,11/10/2015,0
checkins,12/10/2015,0
checkins,13/10/2015,0
checkins,14/10/2015,0
checkins,15/10/2015,0
checkins,16/10/2015,0
checkins,17/10/2015,0
checkins,18/10/2015,0
checkins,19/10/2015,0
checkins,20/10/2015,0
checkins,21/10/2015,0
checkins,22/10/2015,0
checkins,23/10/2015,0
distracting_min,26/07/2015,None
distracting_min,27/07/2015,29
distracting_min,28/07/2015,18
distracting_min,29/07/2015,66
distracting_min,30/07/2015,128
distracting_min,31/07/2015,51
distracting_min,01/08/2015,111
distracting_min,02/08/2015,15
distracting_min,03/08/2015,112
distracting_min,04/08/2015,258
distracting_min,05/08/2015,105
distracting_min,06/08/2015,62
distracting_min,07/08/2015,187
distracting_min,08/08/2015,235
distracting_min,09/08/2015,337
distracting_min,10/08/2015,454
distracting_min,11/08/2015,429
distracting_min,12/08/2015,298
distracting_min,13/08/2015,258
distracting_min,14/08/2015,463
distracting_min,15/08/2015,273
distracting_min,16/08/2015,18
distracting_min,17/08/2015,321
distracting_min,18/08/2015,318
distracting_min,19/08/2015,504
distracting_min,20/08/2015,15
distracting_min,21/08/2015,72
distracting_min,22/08/2015,None
distracting_min,23/08/2015,449
distracting_min,24/08/2015,234
distracting_min,25/08/2015,60
distracting_min,27/08/2015,328
distracting_min,28/08/2015,301
distracting_min,29/08/2015,314
distracting_min,30/08/2015,163
distracting_min,31/08/2015,566
distracting_min,01/09/2015,424
distracting_min,02/09/2015,85
distracting_min,03/09/2015,54
distracting_min,04/09/2015,161
distracting_min,05/09/2015,395
distracting_min,06/09/2015,15
distracting_min,07/09/2015,247
distracting_min,08/09/2015,225
distracting_min,09/09/2015,13
distracting_min,10/09/2015,237
distracting_min,11/09/2015,76
distracting_min,12/09/2015,None
distracting_min,13/09/2015,8
distracting_min,14/09/2015,None
distracting_min,15/09/2015,46
distracting_min,16/09/2015,64
distracting_min,17/09/2015,235
distracting_min,18/09/2015,582
distracting_min,19/09/2015,353
distracting_min,20/09/2015,80
distracting_min,21/09/2015,242
distracting_min,22/09/2015,516
distracting_min,23/09/2015,302
distracting_min,24/09/2015,107
distracting_min,25/09/2015,25
distracting_min,26/09/2015,None
distracting_min,27/09/2015,487
distracting_min,28/09/2015,14
distracting_min,29/09/2015,52
distracting_min,30/09/2015,8
distracting_min,01/10/2015,13
distracting_min,02/10/2015,40
distracting_min,03/10/2015,31
distracting_min,04/10/2015,1
distracting_min,05/10/2015,95
distracting_min,06/10/2015,39
distracting_min,07/10/2015,3
distracting_min,08/10/2015,17
distracting_min,09/10/2015,None
distracting_min,10/10/2015,None
distracting_min,11/10/2015,None
distracting_min,12/10/2015,None
distracting_min,13/10/2015,None
distracting_min,14/10/2015,None
distracting_min,15/10/2015,None
distracting_min,16/10/2015,None
distracting_min,17/10/2015,None
distracting_min,18/10/2015,None
distracting_min,19/10/2015,None
distracting_min,20/10/2015,None
distracting_min,21/10/2015,None
distracting_min,22/10/2015,None
distracting_min,23/10/2015,None
events,26/07/2015,0
events,27/07/2015,0
events,28/07/2015,0
events,29/07/2015,0
events,30/07/2015,1
events,31/07/2015,5
events,01/08/2015,1
events,02/08/2015,2
events,03/08/2015,3
events,04/08/2015,5
events,05/08/2015,6
events,06/08/2015,2
events,07/08/2015,2
events,08/08/2015,1
events,09/08/2015,0
events,10/08/2015,2
events,11/08/2015,0
events,12/08/2015,2
events,13/08/2015,1
events,14/08/2015,0
events,15/08/2015,0
events,16/08/2015,0
events,17/08/2015,0
events,18/08/2015,1
events,19/08/2015,0
events,20/08/2015,0
events,21/08/2015,0
events,22/08/2015,0
events,23/08/2015,0
events,24/08/2015,0
events,25/08/2015,0
events,27/08/2015,2
events,28/08/2015,2
events,29/08/2015,0
events,30/08/2015,0
events,31/08/2015,0
events,01/09/2015,1
events,02/09/2015,0
events,03/09/2015,1
events,04/09/2015,0
events,05/09/2015,0
events,06/09/2015,0
events,07/09/2015,0
events,08/09/2015,0
events,09/09/2015,0
events,10/09/2015,0
events,11/09/2015,2
events,12/09/2015,1
events,13/09/2015,0
events,14/09/2015,2
events,15/09/2015,0
events,16/09/2015,1
events,17/09/2015,0
events,18/09/2015,1
events,19/09/2015,0
events,20/09/2015,0
events,21/09/2015,1
events,22/09/2015,0
events,23/09/2015,1
events,24/09/2015,0
events,25/09/2015,1
events,26/09/2015,1
events,27/09/2015,0
events,28/09/2015,2
events,29/09/2015,3
events,30/09/2015,1
events,01/10/2015,1
events,02/10/2015,1
events,03/10/2015,0
events,04/10/2015,0
events,05/10/2015,1
events,06/10/2015,1
events,07/10/2015,2
events,08/10/2015,0
events,09/10/2015,1
events,10/10/2015,0
events,11/10/2015,0
events,12/10/2015,0
events,13/10/2015,1
events,14/10/2015,0
events,15/10/2015,0
events,16/10/2015,0
events,17/10/2015,0
events,18/10/2015,0
events,19/10/2015,0
events,20/10/2015,1
events,21/10/2015,1
events,22/10/2015,2
events,23/10/2015,1
events_duration,26/07/2015,0
events_duration,27/07/2015,0
events_duration,28/07/2015,0
events_duration,29/07/2015,0
events_duration,30/07/2015,60
events_duration,31/07/2015,540
events_duration,01/08/2015,420
events_duration,02/08/2015,840
events_duration,03/08/2015,300
events_duration,04/08/2015,630
events_duration,05/08/2015,720
events_duration,06/08/2015,120
events_duration,07/08/2015,120
events_duration,08/08/2015,60
events_duration,09/08/2015,0
events_duration,10/08/2015,120
events_duration,11/08/2015,0
events_duration,12/08/2015,120
events_duration,13/08/2015,120
events_duration,14/08/2015,0
events_duration,15/08/2015,0
events_duration,16/08/2015,0
events_duration,17/08/2015,0
events_duration,18/08/2015,90
events_duration,19/08/2015,0
events_duration,20/08/2015,0
events_duration,21/08/2015,0
events_duration,22/08/2015,0
events_duration,23/08/2015,0
events_duration,24/08/2015,0
events_duration,25/08/2015,0
events_duration,27/08/2015,120
events_duration,28/08/2015,120
events_duration,29/08/2015,0
events_duration,30/08/2015,0
events_duration,31/08/2015,0
events_duration,01/09/2015,60
events_duration,02/09/2015,0
events_duration,03/09/2015,60
events_duration,04/09/2015,0
events_duration,05/09/2015,0
events_duration,06/09/2015,0
events_duration,07/09/2015,0
events_duration,08/09/2015,0
events_duration,09/09/2015,0
events_duration,10/09/2015,0
events_duration,11/09/2015,230
events_duration,12/09/2015,480
events_duration,13/09/2015,0
events_duration,14/09/2015,240
events_duration,15/09/2015,0
events_duration,16/09/2015,90
events_duration,17/09/2015,0
events_duration,18/09/2015,75
events_duration,19/09/2015,0
events_duration,20/09/2015,0
events_duration,21/09/2015,60
events_duration,22/09/2015,0
events_duration,23/09/2015,240
events_duration,24/09/2015,0
events_duration,25/09/2015,60
events_duration,26/09/2015,180
events_duration,27/09/2015,0
events_duration,28/09/2015,240
events_duration,29/09/2015,530
events_duration,30/09/2015,60
events_duration,01/10/2015,60
events_duration,02/10/2015,60
events_duration,03/10/2015,0
events_duration,04/10/2015,0
events_duration,05/10/2015,120
events_duration,06/10/2015,85
events_duration,07/10/2015,110
events_duration,08/10/2015,0
events_duration,09/10/2015,60
events_duration,10/10/2015,0
events_duration,11/10/2015,0
events_duration,12/10/2015,0
events_duration,13/10/2015,60
events_duration,14/10/2015,0
events_duration,15/10/2015,0
events_duration,16/10/2015,0
events_duration,17/10/2015,0
events_duration,18/10/2015,0
events_duration,19/10/2015,0
events_duration,20/10/2015,60
events_duration,21/10/2015,60
events_duration,22/10/2015,110
events_duration,23/10/2015,60
floors_goal,26/07/2015,10
floors_goal,27/07/2015,10
floors_goal,28/07/2015,10
floors_goal,29/07/2015,10
floors_goal,30/07/2015,10
floors_goal,31/07/2015,10
floors_goal,01/08/2015,10
floors_goal,02/08/2015,10
floors_goal,03/08/2015,10
floors_goal,04/08/2015,10
floors_goal,05/08/2015,10
floors_goal,06/08/2015,10
floors_goal,07/08/2015,10
floors_goal,08/08/2015,10
floors_goal,09/08/2015,10
floors_goal,10/08/2015,10
floors_goal,11/08/2015,10
floors_goal,12/08/2015,10
floors_goal,13/08/2015,10
floors_goal,14/08/2015,10
floors_goal,15/08/2015,10
floors_goal,16/08/2015,10
floors_goal,17/08/2015,10
floors_goal,18/08/2015,10
floors_goal,19/08/2015,10
floors_goal,20/08/2015,10
floors_goal,21/08/2015,10
floors_goal,22/08/2015,10
floors_goal,23/08/2015,10
floors_goal,24/08/2015,10
floors_goal,25/08/2015,10
floors_goal,27/08/2015,10
floors_goal,28/08/2015,10
floors_goal,29/08/2015,10
floors_goal,30/08/2015,10
floors_goal,31/08/2015,10
floors_goal,01/09/2015,10
floors_goal,02/09/2015,10
floors_goal,03/09/2015,10
floors_goal,04/09/2015,10
floors_goal,05/09/2015,10
floors_goal,06/09/2015,10
floors_goal,07/09/2015,10
floors_goal,08/09/2015,10
floors_goal,09/09/2015,10
floors_goal,10/09/2015,10
floors_goal,11/09/2015,10
floors_goal,12/09/2015,10
floors_goal,13/09/2015,10
floors_goal,14/09/2015,10
floors_goal,15/09/2015,10
floors_goal,16/09/2015,10
floors_goal,17/09/2015,10
floors_goal,18/09/2015,10
floors_goal,19/09/2015,10
floors_goal,20/09/2015,10
floors_goal,21/09/2015,10
floors_goal,22/09/2015,10
floors_goal,23/09/2015,10
floors_goal,24/09/2015,10
floors_goal,25/09/2015,10
floors_goal,26/09/2015,10
floors_goal,27/09/2015,10
floors_goal,28/09/2015,10
floors_goal,29/09/2015,10
floors_goal,30/09/2015,10
floors_goal,01/10/2015,10
floors_goal,02/10/2015,10
floors_goal,03/10/2015,10
floors_goal,04/10/2015,10
floors_goal,05/10/2015,10
floors_goal,06/10/2015,10
floors_goal,07/10/2015,10
floors_goal,08/10/2015,10
floors_goal,09/10/2015,10
floors_goal,10/10/2015,10
floors_goal,11/10/2015,10
floors_goal,12/10/2015,10
floors_goal,13/10/2015,10
floors_goal,14/10/2015,10
floors_goal,15/10/2015,10
floors_goal,16/10/2015,10
floors_goal,17/10/2015,10
floors_goal,18/10/2015,10
floors_goal,19/10/2015,10
floors_goal,20/10/2015,10
floors_goal,21/10/2015,10
floors_goal,22/10/2015,10
floors_goal,23/10/2015,10
location,26/07/2015,"51.3781694699,-2.32753515244"
location,27/07/2015,"51.3781694699,-2.32753515244"
location,28/07/2015,"51.3781694699,-2.32753515244"
location,29/07/2015,"51.3781694699,-2.32753515244"
location,30/07/2015,"51.3781694699,-2.32753515244"
location,31/07/2015,"51.3781694699,-2.32753515244"
location,01/08/2015,"51.3781694699,-2.32753515244"
location,02/08/2015,"51.3781694699,-2.32753515244"
location,03/08/2015,"51.3781694699,-2.32753515244"
location,04/08/2015,"51.3781694699,-2.32753515244"
location,05/08/2015,"51.3781694699,-2.32753515244"
location,06/08/2015,"51.3781694699,-2.32753515244"
location,07/08/2015,"51.3781694699,-2.32753515244"
location,08/08/2015,"51.3781694699,-2.32753515244"
location,09/08/2015,"51.3781694699,-2.32753515244"
location,10/08/2015,"51.3781694699,-2.32753515244"
location,11/08/2015,"51.3781694699,-2.32753515244"
location,12/08/2015,"51.3781694699,-2.32753515244"
location,13/08/2015,"51.3781694699,-2.32753515244"
location,14/08/2015,"51.3781694699,-2.32753515244"
location,15/08/2015,"51.3781694699,-2.32753515244"
location,16/08/2015,"51.3781694699,-2.32753515244"
location,17/08/2015,"51.3781694699,-2.32753515244"
location,18/08/2015,"51.3781694699,-2.32753515244"
location,19/08/2015,"51.3781694699,-2.32753515244"
location,20/08/2015,"51.3781694699,-2.32753515244"
location,21/08/2015,"51.3781694699,-2.32753515244"
location,22/08/2015,"51.3781694699,-2.32753515244"
location,23/08/2015,"51.3781694699,-2.32753515244"
location,24/08/2015,"51.3781694699,-2.32753515244"
location,25/08/2015,"51.3781694699,-2.32753515244"
location,27/08/2015,"51.3781694699,-2.32753515244"
location,28/08/2015,"51.3781694699,-2.32753515244"
location,29/08/2015,"51.3781694699,-2.32753515244"
location,30/08/2015,"51.3781694699,-2.32753515244"
location,31/08/2015,"51.3781694699,-2.32753515244"
location,01/09/2015,"51.3781694699,-2.32753515244"
location,02/09/2015,"51.3781694699,-2.32753515244"
location,03/09/2015,"51.3781694699,-2.32753515244"
location,04/09/2015,"51.3781694699,-2.32753515244"
location,05/09/2015,"51.3781694699,-2.32753515244"
location,06/09/2015,"51.3781694699,-2.32753515244"
location,07/09/2015,"51.3781694699,-2.32753515244"
location,08/09/2015,"51.3781694699,-2.32753515244"
location,09/09/2015,"51.3781694699,-2.32753515244"
location,10/09/2015,"51.3781694699,-2.32753515244"
location,11/09/2015,"51.3781694699,-2.32753515244"
location,12/09/2015,"51.3781694699,-2.32753515244"
location,13/09/2015,"51.3781694699,-2.32753515244"
location,14/09/2015,"51.3781694699,-2.32753515244"
location,15/09/2015,"51.3781694699,-2.32753515244"
location,16/09/2015,"51.3781694699,-2.32753515244"
location,17/09/2015,"51.3781694699,-2.32753515244"
location,18/09/2015,"51.3781694699,-2.32753515244"
location,19/09/2015,"51.3781694699,-2.32753515244"
location,20/09/2015,"51.3781694699,-2.32753515244"
location,21/09/2015,"51.3781694699,-2.32753515244"
location,22/09/2015,"51.3781694699,-2.32753515244"
location,23/09/2015,"51.3781694699,-2.32753515244"
location,24/09/2015,"51.3781694699,-2.32753515244"
location,25/09/2015,"51.3781694699,-2.32753515244"
location,26/09/2015,"51.3781694699,-2.32753515244"
location,27/09/2015,"51.3781694699,-2.32753515244"
location,28/09/2015,"51.3781694699,-2.32753515244"
location,29/09/2015,"51.3781694699,-2.32753515244"
location,30/09/2015,"51.3781694699,-2.32753515244"
location,01/10/2015,"51.3781694699,-2.32753515244"
location,02/10/2015,"51.3781694699,-2.32753515244"
location,03/10/2015,"51.3781694699,-2.32753515244"
location,04/10/2015,"51.3781694699,-2.32753515244"
location,05/10/2015,"51.3781694699,-2.32753515244"
location,06/10/2015,"51.3781694699,-2.32753515244"
location,07/10/2015,"51.3781694699,-2.32753515244"
location,08/10/2015,"51.3781694699,-2.32753515244"
location,09/10/2015,"51.3781694699,-2.32753515244"
location,10/10/2015,"51.3781694699,-2.32753515244"
location,11/10/2015,"51.3781694699,-2.32753515244"
location,12/10/2015,"51.3781694699,-2.32753515244"
location,13/10/2015,"51.3781694699,-2.32753515244"
location,14/10/2015,"51.3781694699,-2.32753515244"
location,15/10/2015,"51.3781694699,-2.32753515244"
location,16/10/2015,"51.3781694699,-2.32753515244"
location,17/10/2015,"51.3781694699,-2.32753515244"
location,18/10/2015,"51.3781694699,-2.32753515244"
location,19/10/2015,"51.3781694699,-2.32753515244"
location,20/10/2015,"51.3781694699,-2.32753515244"
location,21/10/2015,"51.3781694699,-2.32753515244"
location,22/10/2015,"51.3781694699,-2.32753515244"
location,23/10/2015,"51.3781694699,-2.32753515244"
mood,26/07/2015,None
mood,27/07/2015,2
mood,28/07/2015,2
mood,29/07/2015,4
mood,30/07/2015,2
mood,31/07/2015,3
mood,01/08/2015,2
mood,02/08/2015,2
mood,03/08/2015,3
mood,04/08/2015,2
mood,05/08/2015,2
mood,06/08/2015,3
mood,07/08/2015,4
mood,08/08/2015,4
mood,09/08/2015,4
mood,10/08/2015,4
mood,11/08/2015,5
mood,12/08/2015,3
mood,13/08/2015,5
mood,14/08/2015,4
mood,15/08/2015,3
mood,16/08/2015,3
mood,17/08/2015,2
mood,18/08/2015,4
mood,19/08/2015,None
mood,20/08/2015,5
mood,21/08/2015,3
mood,22/08/2015,5
mood,23/08/2015,3
mood,24/08/2015,None
mood,25/08/2015,None
mood,27/08/2015,None
mood,28/08/2015,None
mood,29/08/2015,None
mood,30/08/2015,None
mood,31/08/2015,None
mood,01/09/2015,4
mood,02/09/2015,3
mood,03/09/2015,3
mood,04/09/2015,5
mood,05/09/2015,4
mood,06/09/2015,5
mood,07/09/2015,2
mood,08/09/2015,3
mood,09/09/2015,5
mood,10/09/2015,4
mood,11/09/2015,None
mood,12/09/2015,None
mood,13/09/2015,None
mood,14/09/2015,None
mood,15/09/2015,2
mood,16/09/2015,3
mood,17/09/2015,1
mood,18/09/2015,3
mood,19/09/2015,5
mood,20/09/2015,3
mood,21/09/2015,4
mood,22/09/2015,None
mood,23/09/2015,None
mood,24/09/2015,None
mood,25/09/2015,None
mood,26/09/2015,None
mood,27/09/2015,2
mood,28/09/2015,5
mood,29/09/2015,4
mood,30/09/2015,4
mood,01/10/2015,3
mood,02/10/2015,4
mood,03/10/2015,2
mood,04/10/2015,2
mood,05/10/2015,None
mood,07/10/2015,None
mood,08/10/2015,None
mood,09/10/2015,None
mood,10/10/2015,None
mood,11/10/2015,None
mood,12/10/2015,None
mood,13/10/2015,None
mood,14/10/2015,None
mood,15/10/2015,None
mood,16/10/2015,None
mood,17/10/2015,None
mood,18/10/2015,None
mood,19/10/2015,None
mood,20/10/2015,None
mood,21/10/2015,None
mood,22/10/2015,None
mood,23/10/2015,None
mood_note,26/07/2015,None
mood_note,27/07/2015,Writing a paper is really hard.
mood_note,28/07/2015,
mood_note,29/07/2015,Games with friends
mood_note,30/07/2015,I feel better now but Im pretty sure I just had a panic attack
mood_note,31/07/2015,Restless. Need a day off
mood_note,01/08/2015,
mood_note,02/08/2015,
mood_note,03/08/2015,Recovering from 3 day migraine
mood_note,04/08/2015,
mood_note,05/08/2015,
mood_note,06/08/2015,
mood_note,07/08/2015,
mood_note,08/08/2015,
mood_note,09/08/2015,
mood_note,10/08/2015,
mood_note,11/08/2015,Productive day!
mood_note,12/08/2015,
mood_note,13/08/2015,Very productive
mood_note,14/08/2015,
mood_note,15/08/2015,Not so productive day
mood_note,16/08/2015,
mood_note,17/08/2015,
mood_note,18/08/2015,
mood_note,19/08/2015,None
mood_note,20/08/2015,
mood_note,21/08/2015,
mood_note,22/08/2015,
mood_note,23/08/2015,
mood_note,24/08/2015,None
mood_note,25/08/2015,None
mood_note,27/08/2015,None
mood_note,28/08/2015,None
mood_note,29/08/2015,None
mood_note,30/08/2015,None
mood_note,31/08/2015,None
mood_note,01/09/2015,
mood_note,02/09/2015,
mood_note,03/09/2015,
mood_note,04/09/2015,
mood_note,05/09/2015,
mood_note,06/09/2015,
mood_note,07/09/2015,
mood_note,08/09/2015,
mood_note,09/09/2015,
mood_note,10/09/2015,Not so productive day but swimming in the evening was good
mood_note,11/09/2015,None
mood_note,12/09/2015,None
mood_note,13/09/2015,None
mood_note,14/09/2015,None
mood_note,15/09/2015,
mood_note,16/09/2015,
mood_note,17/09/2015,Flu - its bad!
mood_note,18/09/2015,Flu with pub - maybe not the best idea
mood_note,19/09/2015,"No more flu, I feel invincible"
mood_note,20/09/2015,
mood_note,21/09/2015,Making progress on work
mood_note,22/09/2015,None
mood_note,23/09/2015,None
mood_note,24/09/2015,None
mood_note,25/09/2015,None
mood_note,26/09/2015,None
mood_note,27/09/2015,
mood_note,28/09/2015,
mood_note,29/09/2015,
mood_note,30/09/2015,
mood_note,01/10/2015,
mood_note,02/10/2015,
mood_note,03/10/2015,
mood_note,04/10/2015,
mood_note,05/10/2015,None
mood_note,07/10/2015,None
mood_note,08/10/2015,None
mood_note,09/10/2015,None
mood_note,10/10/2015,None
mood_note,11/10/2015,None
mood_note,12/10/2015,None
mood_note,13/10/2015,None
mood_note,14/10/2015,None
mood_note,15/10/2015,None
mood_note,16/10/2015,None
mood_note,17/10/2015,None
mood_note,18/10/2015,None
mood_note,19/10/2015,None
mood_note,20/10/2015,None
mood_note,21/10/2015,None
mood_note,22/10/2015,None
mood_note,23/10/2015,None
neutral_min,26/07/2015,None
neutral_min,27/07/2015,11
neutral_min,28/07/2015,20
neutral_min,29/07/2015,30
neutral_min,30/07/2015,46
neutral_min,31/07/2015,16
neutral_min,01/08/2015,13
neutral_min,02/08/2015,3
neutral_min,03/08/2015,31
neutral_min,04/08/2015,7
neutral_min,05/08/2015,59
neutral_min,06/08/2015,10
neutral_min,07/08/2015,8
neutral_min,08/08/2015,10
neutral_min,09/08/2015,2
neutral_min,10/08/2015,None
neutral_min,11/08/2015,6
neutral_min,12/08/2015,18
neutral_min,13/08/2015,26
neutral_min,14/08/2015,None
neutral_min,15/08/2015,21
neutral_min,16/08/2015,10
neutral_min,17/08/2015,20
neutral_min,18/08/2015,21
neutral_min,19/08/2015,17
neutral_min,20/08/2015,21
neutral_min,21/08/2015,7
neutral_min,22/08/2015,None
neutral_min,23/08/2015,7
neutral_min,24/08/2015,17
neutral_min,25/08/2015,None
neutral_min,27/08/2015,20
neutral_min,28/08/2015,None
neutral_min,29/08/2015,None
neutral_min,30/08/2015,21
neutral_min,31/08/2015,3
neutral_min,01/09/2015,5
neutral_min,02/09/2015,None
neutral_min,03/09/2015,9
neutral_min,04/09/2015,None
neutral_min,05/09/2015,19
neutral_min,06/09/2015,5
neutral_min,07/09/2015,20
neutral_min,08/09/2015,11
neutral_min,09/09/2015,41
neutral_min,10/09/2015,18
neutral_min,11/09/2015,9
neutral_min,12/09/2015,None
neutral_min,13/09/2015,None
neutral_min,14/09/2015,None
neutral_min,15/09/2015,4
neutral_min,16/09/2015,37
neutral_min,17/09/2015,None
neutral_min,18/09/2015,None
neutral_min,19/09/2015,7
neutral_min,20/09/2015,None
neutral_min,21/09/2015,69
neutral_min,22/09/2015,15
neutral_min,23/09/2015,None
neutral_min,24/09/2015,None
neutral_min,25/09/2015,33
neutral_min,26/09/2015,None
neutral_min,27/09/2015,4
neutral_min,28/09/2015,18
neutral_min,29/09/2015,16
neutral_min,30/09/2015,62
neutral_min,01/10/2015,10
neutral_min,02/10/2015,47
neutral_min,03/10/2015,24
neutral_min,04/10/2015,2
neutral_min,05/10/2015,31
neutral_min,06/10/2015,44
neutral_min,07/10/2015,21
neutral_min,08/10/2015,4
neutral_min,09/10/2015,None
neutral_min,10/10/2015,None
neutral_min,11/10/2015,None
neutral_min,12/10/2015,None
neutral_min,13/10/2015,None
neutral_min,14/10/2015,None
neutral_min,15/10/2015,None
neutral_min,16/10/2015,None
neutral_min,17/10/2015,None
neutral_min,18/10/2015,None
neutral_min,19/10/2015,None
neutral_min,20/10/2015,None
neutral_min,21/10/2015,None
neutral_min,22/10/2015,None
neutral_min,23/10/2015,None
productive_min,26/07/2015,None
productive_min,27/07/2015,75
productive_min,28/07/2015,157
productive_min,29/07/2015,203
productive_min,30/07/2015,80
productive_min,31/07/2015,62
productive_min,01/08/2015,107
productive_min,02/08/2015,17
productive_min,03/08/2015,183
productive_min,04/08/2015,2
productive_min,05/08/2015,145
productive_min,06/08/2015,51
productive_min,07/08/2015,19
productive_min,08/08/2015,3
productive_min,09/08/2015,9
productive_min,10/08/2015,None
productive_min,11/08/2015,4
productive_min,12/08/2015,110
productive_min,13/08/2015,67
productive_min,14/08/2015,10
productive_min,15/08/2015,112
productive_min,16/08/2015,186
productive_min,17/08/2015,314
productive_min,18/08/2015,48
productive_min,19/08/2015,29
productive_min,20/08/2015,89
productive_min,21/08/2015,4
productive_min,22/08/2015,None
productive_min,23/08/2015,6
productive_min,24/08/2015,36
productive_min,25/08/2015,None
productive_min,27/08/2015,130
productive_min,28/08/2015,5
productive_min,29/08/2015,9
productive_min,30/08/2015,68
productive_min,31/08/2015,10
productive_min,01/09/2015,66
productive_min,02/09/2015,None
productive_min,03/09/2015,39
productive_min,04/09/2015,4
productive_min,05/09/2015,58
productive_min,06/09/2015,13
productive_min,07/09/2015,21
productive_min,08/09/2015,131
productive_min,09/09/2015,23
productive_min,10/09/2015,54
productive_min,11/09/2015,4
productive_min,12/09/2015,None
productive_min,13/09/2015,95
productive_min,14/09/2015,63
productive_min,15/09/2015,1
productive_min,16/09/2015,75
productive_min,17/09/2015,None
productive_min,18/09/2015,None
productive_min,19/09/2015,12
productive_min,20/09/2015,9
productive_min,21/09/2015,46
productive_min,22/09/2015,15
productive_min,23/09/2015,3
productive_min,24/09/2015,None
productive_min,25/09/2015,74
productive_min,26/09/2015,3
productive_min,27/09/2015,7
productive_min,28/09/2015,109
productive_min,29/09/2015,125
productive_min,30/09/2015,257
productive_min,01/10/2015,33
productive_min,02/10/2015,63
productive_min,03/10/2015,9
productive_min,04/10/2015,8
productive_min,05/10/2015,146
productive_min,06/10/2015,117
productive_min,07/10/2015,171
productive_min,08/10/2015,24
productive_min,09/10/2015,None
productive_min,10/10/2015,None
productive_min,11/10/2015,None
productive_min,12/10/2015,None
productive_min,13/10/2015,None
productive_min,14/10/2015,None
productive_min,15/10/2015,None
productive_min,16/10/2015,None
productive_min,17/10/2015,None
productive_min,18/10/2015,None
productive_min,19/10/2015,None
productive_min,20/10/2015,None
productive_min,21/10/2015,None
productive_min,22/10/2015,None
productive_min,23/10/2015,None
productive_min_goal,26/07/2015,72
productive_min_goal,27/07/2015,113
productive_min_goal,28/07/2015,9
productive_min_goal,29/07/2015,41
productive_min_goal,30/07/2015,49
productive_min_goal,31/07/2015,11
productive_min_goal,01/08/2015,14
productive_min_goal,02/08/2015,72
productive_min_goal,03/08/2015,113
productive_min_goal,04/08/2015,157
productive_min_goal,05/08/2015,203
productive_min_goal,06/08/2015,49
productive_min_goal,07/08/2015,62
productive_min_goal,08/08/2015,107
productive_min_goal,09/08/2015,72
productive_min_goal,10/08/2015,113
productive_min_goal,11/08/2015,9
productive_min_goal,12/08/2015,145
productive_min_goal,13/08/2015,51
productive_min_goal,14/08/2015,19
productive_min_goal,15/08/2015,14
productive_min_goal,16/08/2015,17
productive_min_goal,17/08/2015,113
productive_min_goal,18/08/2015,9
productive_min_goal,19/08/2015,145
productive_min_goal,20/08/2015,51
productive_min_goal,21/08/2015,19
productive_min_goal,22/08/2015,107
productive_min_goal,23/08/2015,72
productive_min_goal,24/08/2015,183
productive_min_goal,25/08/2015,9
productive_min_goal,27/08/2015,67
productive_min_goal,28/08/2015,11
productive_min_goal,29/08/2015,107
productive_min_goal,30/08/2015,17
productive_min_goal,31/08/2015,113
productive_min_goal,01/09/2015,9
productive_min_goal,02/09/2015,110
productive_min_goal,03/09/2015,67
productive_min_goal,04/09/2015,11
productive_min_goal,05/09/2015,14
productive_min_goal,06/09/2015,68
productive_min_goal,07/09/2015,113
productive_min_goal,08/09/2015,9
productive_min_goal,09/09/2015,110
productive_min_goal,10/09/2015,67
productive_min_goal,11/09/2015,10
productive_min_goal,12/09/2015,58
productive_min_goal,13/09/2015,17
productive_min_goal,14/09/2015,75
productive_min_goal,15/09/2015,48
productive_min_goal,16/09/2015,80
productive_min_goal,17/09/2015,54
productive_min_goal,18/09/2015,10
productive_min_goal,19/09/2015,58
productive_min_goal,20/09/2015,68
productive_min_goal,21/09/2015,75
productive_min_goal,22/09/2015,9
productive_min_goal,23/09/2015,80
productive_min_goal,24/09/2015,54
productive_min_goal,25/09/2015,10
productive_min_goal,26/09/2015,58
productive_min_goal,27/09/2015,17
productive_min_goal,28/09/2015,63
productive_min_goal,29/09/2015,15
productive_min_goal,30/09/2015,75
productive_min_goal,01/10/2015,54
productive_min_goal,02/10/2015,10
productive_min_goal,03/10/2015,14
productive_min_goal,04/10/2015,17
productive_min_goal,05/10/2015,75
productive_min_goal,06/10/2015,15
productive_min_goal,07/10/2015,80
productive_min_goal,08/10/2015,54
productive_min_goal,09/10/2015,11
productive_min_goal,10/10/2015,12
productive_min_goal,11/10/2015,13
productive_min_goal,12/10/2015,75
productive_min_goal,13/10/2015,48
productive_min_goal,14/10/2015,80
productive_min_goal,15/10/2015,51
productive_min_goal,16/10/2015,11
productive_min_goal,17/10/2015,12
productive_min_goal,18/10/2015,13
productive_min_goal,19/10/2015,75
productive_min_goal,20/10/2015,48
productive_min_goal,21/10/2015,80
productive_min_goal,22/10/2015,51
productive_min_goal,23/10/2015,11
sleep,26/07/2015,368
sleep,27/07/2015,851
sleep,28/07/2015,545
sleep,29/07/2015,682
sleep,30/07/2015,481
sleep,31/07/2015,442
sleep,01/08/2015,655
sleep,02/08/2015,531
sleep,03/08/2015,765
sleep,04/08/2015,378
sleep,05/08/2015,566
sleep,06/08/2015,524
sleep,07/08/2015,None
sleep,08/08/2015,613
sleep,09/08/2015,None
sleep,10/08/2015,428
sleep,11/08/2015,458
sleep,12/08/2015,None
sleep,13/08/2015,430
sleep,14/08/2015,None
sleep,15/08/2015,489
sleep,16/08/2015,None
sleep,17/08/2015,545
sleep,18/08/2015,None
sleep,19/08/2015,529
sleep,20/08/2015,657
sleep,21/08/2015,733
sleep,22/08/2015,540
sleep,23/08/2015,584
sleep,24/08/2015,537
sleep,25/08/2015,None
sleep,27/08/2015,None
sleep,28/08/2015,None
sleep,29/08/2015,None
sleep,30/08/2015,None
sleep,31/08/2015,385
sleep,01/09/2015,665
sleep,02/09/2015,200
sleep,03/09/2015,568
sleep,04/09/2015,436
sleep,05/09/2015,416
sleep,06/09/2015,554
sleep,07/09/2015,528
sleep,08/09/2015,784
sleep,09/09/2015,442
sleep,10/09/2015,642
sleep,11/09/2015,582
sleep,12/09/2015,428
sleep,13/09/2015,82
sleep,14/09/2015,553
sleep,15/09/2015,None
sleep,16/09/2015,None
sleep,17/09/2015,740
sleep,18/09/2015,793
sleep,19/09/2015,345
sleep,20/09/2015,338
sleep,21/09/2015,721
sleep,22/09/2015,461
sleep,23/09/2015,465
sleep,24/09/2015,518
sleep,25/09/2015,None
sleep,26/09/2015,None
sleep,27/09/2015,None
sleep,28/09/2015,None
sleep,29/09/2015,None
sleep,30/09/2015,None
sleep,01/10/2015,None
sleep,02/10/2015,589
sleep,03/10/2015,507
sleep,04/10/2015,679
sleep,05/10/2015,609
sleep,06/10/2015,None
sleep,07/10/2015,None
sleep,08/10/2015,None
sleep,09/10/2015,None
sleep,10/10/2015,None
sleep,11/10/2015,None
sleep,12/10/2015,None
sleep,13/10/2015,None
sleep,14/10/2015,None
sleep,15/10/2015,None
sleep,16/10/2015,None
sleep,17/10/2015,None
sleep,18/10/2015,None
sleep,19/10/2015,None
sleep,20/10/2015,None
sleep,21/10/2015,None
sleep,22/10/2015,None
sleep,23/10/2015,None
sleep_awakenings,26/07/2015,10
sleep_awakenings,27/07/2015,34
sleep_awakenings,28/07/2015,19
sleep_awakenings,29/07/2015,28
sleep_awakenings,30/07/2015,35
sleep_awakenings,31/07/2015,11
sleep_awakenings,01/08/2015,26
sleep_awakenings,02/08/2015,18
sleep_awakenings,03/08/2015,39
sleep_awakenings,04/08/2015,13
sleep_awakenings,05/08/2015,18
sleep_awakenings,06/08/2015,25
sleep_awakenings,07/08/2015,None
sleep_awakenings,08/08/2015,18
sleep_awakenings,09/08/2015,None
sleep_awakenings,10/08/2015,9
sleep_awakenings,11/08/2015,21
sleep_awakenings,12/08/2015,None
sleep_awakenings,13/08/2015,16
sleep_awakenings,14/08/2015,None
sleep_awakenings,15/08/2015,12
sleep_awakenings,16/08/2015,None
sleep_awakenings,17/08/2015,43
sleep_awakenings,18/08/2015,None
sleep_awakenings,19/08/2015,28
sleep_awakenings,20/08/2015,39
sleep_awakenings,21/08/2015,83
sleep_awakenings,22/08/2015,15
sleep_awakenings,23/08/2015,14
sleep_awakenings,24/08/2015,40
sleep_awakenings,25/08/2015,None
sleep_awakenings,27/08/2015,None
sleep_awakenings,28/08/2015,None
sleep_awakenings,29/08/2015,None
sleep_awakenings,30/08/2015,None
sleep_awakenings,31/08/2015,38
sleep_awakenings,01/09/2015,56
sleep_awakenings,02/09/2015,0
sleep_awakenings,03/09/2015,22
sleep_awakenings,04/09/2015,17
sleep_awakenings,05/09/2015,15
sleep_awakenings,06/09/2015,28
sleep_awakenings,07/09/2015,19
sleep_awakenings,08/09/2015,51
sleep_awakenings,09/09/2015,9
sleep_awakenings,10/09/2015,22
sleep_awakenings,11/09/2015,24
sleep_awakenings,12/09/2015,24
sleep_awakenings,13/09/2015,31
sleep_awakenings,14/09/2015,52
sleep_awakenings,15/09/2015,None
sleep_awakenings,16/09/2015,None
sleep_awakenings,17/09/2015,88
sleep_awakenings,18/09/2015,82
sleep_awakenings,19/09/2015,3
sleep_awakenings,20/09/2015,20
sleep_awakenings,21/09/2015,65
sleep_awakenings,22/09/2015,14
sleep_awakenings,23/09/2015,28
sleep_awakenings,24/09/2015,11
sleep_awakenings,25/09/2015,None
sleep_awakenings,26/09/2015,None
sleep_awakenings,27/09/2015,None
sleep_awakenings,28/09/2015,None
sleep_awakenings,29/09/2015,None
sleep_awakenings,30/09/2015,None
sleep_awakenings,01/10/2015,None
sleep_awakenings,02/10/2015,19
sleep_awakenings,03/10/2015,13
sleep_awakenings,04/10/2015,2
sleep_awakenings,05/10/2015,49
sleep_awakenings,06/10/2015,None
sleep_awakenings,07/10/2015,None
sleep_awakenings,08/10/2015,None
sleep_awakenings,09/10/2015,None
sleep_awakenings,10/10/2015,None
sleep_awakenings,11/10/2015,None
sleep_awakenings,12/10/2015,None
sleep_awakenings,13/10/2015,None
sleep_awakenings,14/10/2015,None
sleep_awakenings,15/10/2015,None
sleep_awakenings,16/10/2015,None
sleep_awakenings,17/10/2015,None
sleep_awakenings,18/10/2015,None
sleep_awakenings,19/10/2015,None
sleep_awakenings,20/10/2015,None
sleep_awakenings,21/10/2015,None
sleep_awakenings,22/10/2015,None
sleep_awakenings,23/10/2015,None
sleep_end,26/07/2015,497
sleep_end,27/07/2015,811
sleep_end,28/07/2015,477
sleep_end,29/07/2015,584
sleep_end,30/07/2015,611
sleep_end,31/07/2015,511
sleep_end,01/08/2015,649
sleep_end,02/08/2015,643
sleep_end,03/08/2015,672
sleep_end,04/08/2015,486
sleep_end,05/08/2015,546
sleep_end,06/08/2015,568
sleep_end,07/08/2015,None
sleep_end,08/08/2015,668
sleep_end,09/08/2015,None
sleep_end,10/08/2015,440
sleep_end,11/08/2015,556
sleep_end,12/08/2015,None
sleep_end,13/08/2015,571
sleep_end,14/08/2015,None
sleep_end,15/08/2015,655
sleep_end,16/08/2015,None
sleep_end,17/08/2015,685
sleep_end,18/08/2015,None
sleep_end,19/08/2015,629
sleep_end,20/08/2015,749
sleep_end,21/08/2015,1048
sleep_end,22/08/2015,528
sleep_end,23/08/2015,728
sleep_end,24/08/2015,672
sleep_end,25/08/2015,None
sleep_end,27/08/2015,None
sleep_end,28/08/2015,None
sleep_end,29/08/2015,None
sleep_end,30/08/2015,None
sleep_end,31/08/2015,815
sleep_end,01/09/2015,813
sleep_end,02/09/2015,1243
sleep_end,03/09/2015,625
sleep_end,04/09/2015,568
sleep_end,05/09/2015,638
sleep_end,06/09/2015,742
sleep_end,07/09/2015,673
sleep_end,08/09/2015,915
sleep_end,09/09/2015,521
sleep_end,10/09/2015,753
sleep_end,11/09/2015,698
sleep_end,12/09/2015,423
sleep_end,13/09/2015,622
sleep_end,14/09/2015,609
sleep_end,15/09/2015,None
sleep_end,16/09/2015,None
sleep_end,17/09/2015,874
sleep_end,18/09/2015,743
sleep_end,19/09/2015,661
sleep_end,20/09/2015,704
sleep_end,21/09/2015,872
sleep_end,22/09/2015,592
sleep_end,23/09/2015,676
sleep_end,24/09/2015,652
sleep_end,25/09/2015,None
sleep_end,26/09/2015,None
sleep_end,27/09/2015,None
sleep_end,28/09/2015,None
sleep_end,29/09/2015,None
sleep_end,30/09/2015,None
sleep_end,01/10/2015,None
sleep_end,02/10/2015,615
sleep_end,03/10/2015,652
sleep_end,04/10/2015,744
sleep_end,05/10/2015,672
sleep_end,06/10/2015,None
sleep_end,07/10/2015,None
sleep_end,08/10/2015,None
sleep_end,09/10/2015,None
sleep_end,10/10/2015,None
sleep_end,11/10/2015,None
sleep_end,12/10/2015,None
sleep_end,13/10/2015,None
sleep_end,14/10/2015,None
sleep_end,15/10/2015,None
sleep_end,16/10/2015,None
sleep_end,17/10/2015,None
sleep_end,18/10/2015,None
sleep_end,19/10/2015,None
sleep_end,20/10/2015,None
sleep_end,21/10/2015,None
sleep_end,22/10/2015,None
sleep_end,23/10/2015,None
sleep_goal,26/07/2015,410
sleep_goal,27/07/2015,454
sleep_goal,28/07/2015,554
sleep_goal,29/07/2015,397
sleep_goal,30/07/2015,472
sleep_goal,31/07/2015,491
sleep_goal,01/08/2015,424
sleep_goal,02/08/2015,410
sleep_goal,03/08/2015,851
sleep_goal,04/08/2015,554
sleep_goal,05/08/2015,682
sleep_goal,06/08/2015,481
sleep_goal,07/08/2015,442
sleep_goal,08/08/2015,424
sleep_goal,09/08/2015,410
sleep_goal,10/08/2015,765
sleep_goal,11/08/2015,545
sleep_goal,12/08/2015,566
sleep_goal,13/08/2015,481
sleep_goal,14/08/2015,442
sleep_goal,15/08/2015,613
sleep_goal,16/08/2015,410
sleep_goal,17/08/2015,765
sleep_goal,18/08/2015,545
sleep_goal,19/08/2015,566
sleep_goal,20/08/2015,481
sleep_goal,21/08/2015,442
sleep_goal,22/08/2015,489
sleep_goal,23/08/2015,410
sleep_goal,24/08/2015,545
sleep_goal,25/08/2015,545
sleep_goal,27/08/2015,481
sleep_goal,28/08/2015,442
sleep_goal,29/08/2015,540
sleep_goal,30/08/2015,531
sleep_goal,31/08/2015,545
sleep_goal,01/09/2015,545
sleep_goal,02/09/2015,566
sleep_goal,03/09/2015,481
sleep_goal,04/09/2015,491
sleep_goal,05/09/2015,540
sleep_goal,06/09/2015,531
sleep_goal,07/09/2015,537
sleep_goal,08/09/2015,545
sleep_goal,09/09/2015,566
sleep_goal,10/09/2015,524
sleep_goal,11/09/2015,442
sleep_goal,12/09/2015,489
sleep_goal,13/09/2015,531
sleep_goal,14/09/2015,537
sleep_goal,15/09/2015,554
sleep_goal,16/09/2015,529
sleep_goal,17/09/2015,524
sleep_goal,18/09/2015,491
sleep_goal,19/09/2015,489
sleep_goal,20/09/2015,531
sleep_goal,21/09/2015,537
sleep_goal,22/09/2015,554
sleep_goal,23/09/2015,529
sleep_goal,24/09/2015,524
sleep_goal,25/09/2015,491
sleep_goal,26/09/2015,489
sleep_goal,27/09/2015,410
sleep_goal,28/09/2015,545
sleep_goal,29/09/2015,545
sleep_goal,30/09/2015,529
sleep_goal,01/10/2015,524
sleep_goal,02/10/2015,491
sleep_goal,03/10/2015,428
sleep_goal,04/10/2015,410
sleep_goal,05/10/2015,545
sleep_goal,06/10/2015,545
sleep_goal,07/10/2015,529
sleep_goal,08/10/2015,524
sleep_goal,09/10/2015,491
sleep_goal,10/10/2015,489
sleep_goal,11/10/2015,531
sleep_goal,12/10/2015,545
sleep_goal,13/10/2015,545
sleep_goal,14/10/2015,529
sleep_goal,15/10/2015,524
sleep_goal,16/10/2015,582
sleep_goal,17/10/2015,489
sleep_goal,18/10/2015,531
sleep_goal,19/10/2015,545
sleep_goal,20/10/2015,545
sleep_goal,21/10/2015,529
sleep_goal,22/10/2015,524
sleep_goal,23/10/2015,582
sleep_start,26/07/2015,767
sleep_start,27/07/2015,604
sleep_start,28/07/2015,600
sleep_start,29/07/2015,540
sleep_start,30/07/2015,757
sleep_start,31/07/2015,726
sleep_start,01/08/2015,626
sleep_start,02/08/2015,795
sleep_start,03/08/2015,535
sleep_start,04/08/2015,753
sleep_start,05/08/2015,655
sleep_start,06/08/2015,662
sleep_start,07/08/2015,None
sleep_start,08/08/2015,688
sleep_start,09/08/2015,None
sleep_start,10/08/2015,657
sleep_start,11/08/2015,753
sleep_start,12/08/2015,None
sleep_start,13/08/2015,799
sleep_start,14/08/2015,None
sleep_start,15/08/2015,791
sleep_start,16/08/2015,None
sleep_start,17/08/2015,724
sleep_start,18/08/2015,None
sleep_start,19/08/2015,758
sleep_start,20/08/2015,724
sleep_start,21/08/2015,807
sleep_start,22/08/2015,648
sleep_start,23/08/2015,818
sleep_start,24/08/2015,752
sleep_start,25/08/2015,None
sleep_start,27/08/2015,None
sleep_start,28/08/2015,None
sleep_start,29/08/2015,None
sleep_start,30/08/2015,None
sleep_start,31/08/2015,1051
sleep_start,01/09/2015,683
sleep_start,02/09/2015,323
sleep_start,03/09/2015,680
sleep_start,04/09/2015,793
sleep_start,05/09/2015,883
sleep_start,06/09/2015,815
sleep_start,07/09/2015,803
sleep_start,08/09/2015,747
sleep_start,09/09/2015,770
sleep_start,10/09/2015,737
sleep_start,11/09/2015,738
sleep_start,12/09/2015,631
sleep_start,13/09/2015,1190
sleep_start,14/09/2015,606
sleep_start,15/09/2015,None
sleep_start,16/09/2015,None
sleep_start,17/09/2015,633
sleep_start,18/09/2015,502
sleep_start,19/09/2015,1027
sleep_start,20/09/2015,1025
sleep_start,21/09/2015,700
sleep_start,22/09/2015,792
sleep_start,23/09/2015,875
sleep_start,24/09/2015,809
sleep_start,25/09/2015,None
sleep_start,26/09/2015,None
sleep_start,27/09/2015,None
sleep_start,28/09/2015,None
sleep_start,29/09/2015,None
sleep_start,30/09/2015,None
sleep_start,01/10/2015,None
sleep_start,02/10/2015,700
sleep_start,03/10/2015,813
sleep_start,04/10/2015,779
sleep_start,05/10/2015,663
sleep_start,06/10/2015,None
sleep_start,07/10/2015,None
sleep_start,08/10/2015,None
sleep_start,09/10/2015,None
sleep_start,10/10/2015,None
sleep_start,11/10/2015,None
sleep_start,12/10/2015,None
sleep_start,13/10/2015,None
sleep_start,14/10/2015,None
sleep_start,15/10/2015,None
sleep_start,16/10/2015,None
sleep_start,17/10/2015,None
sleep_start,18/10/2015,None
sleep_start,19/10/2015,None
sleep_start,20/10/2015,None
sleep_start,21/10/2015,None
sleep_start,22/10/2015,None
sleep_start,23/10/2015,None
steps,26/07/2015,16095
steps,27/07/2015,3093
steps,28/07/2015,670
steps,29/07/2015,5380
steps,30/07/2015,4993
steps,31/07/2015,10668
steps,01/08/2015,2959
steps,02/08/2015,7209
steps,03/08/2015,5231
steps,04/08/2015,2797
steps,05/08/2015,5274
steps,06/08/2015,7321
steps,07/08/2015,3229
steps,08/08/2015,5429
steps,09/08/2015,8435
steps,10/08/2015,4393
steps,11/08/2015,1603
steps,12/08/2015,9282
steps,13/08/2015,6614
steps,14/08/2015,2213
steps,15/08/2015,2689
steps,16/08/2015,2499
steps,17/08/2015,6326
steps,18/08/2015,5900
steps,19/08/2015,2558
steps,20/08/2015,4727
steps,21/08/2015,3681
steps,22/08/2015,17649
steps,23/08/2015,1595
steps,24/08/2015,5131
steps,25/08/2015,None
steps,27/08/2015,7431
steps,28/08/2015,5722
steps,29/08/2015,3921
steps,30/08/2015,3652
steps,31/08/2015,4457
steps,01/09/2015,3212
steps,02/09/2015,100
steps,03/09/2015,6390
steps,04/09/2015,4055
steps,05/09/2015,4309
steps,06/09/2015,8508
steps,07/09/2015,7077
steps,08/09/2015,2764
steps,09/09/2015,9229
steps,10/09/2015,5718
steps,11/09/2015,9383
steps,12/09/2015,10919
steps,13/09/2015,5549
steps,14/09/2015,9698
steps,15/09/2015,5817
steps,16/09/2015,6630
steps,17/09/2015,2576
steps,18/09/2015,4250
steps,19/09/2015,3832
steps,20/09/2015,6382
steps,21/09/2015,7656
steps,22/09/2015,8697
steps,23/09/2015,10838
steps,24/09/2015,1295
steps,25/09/2015,2881
steps,26/09/2015,None
steps,27/09/2015,None
steps,28/09/2015,None
steps,29/09/2015,4842
steps,30/09/2015,7394
steps,01/10/2015,13968
steps,02/10/2015,7462
steps,03/10/2015,4146
steps,04/10/2015,1612
steps,05/10/2015,1047
steps,06/10/2015,None
steps,07/10/2015,None
steps,08/10/2015,None
steps,09/10/2015,None
steps,10/10/2015,None
steps,11/10/2015,None
steps,12/10/2015,None
steps,13/10/2015,None
steps,14/10/2015,None
steps,15/10/2015,None
steps,16/10/2015,None
steps,17/10/2015,None
steps,18/10/2015,None
steps,19/10/2015,None
steps,20/10/2015,None
steps,21/10/2015,None
steps,22/10/2015,None
steps,23/10/2015,None
steps_active_min,26/07/2015,137
steps_active_min,27/07/2015,8
steps_active_min,28/07/2015,0
steps_active_min,29/07/2015,8
steps_active_min,30/07/2015,9
steps_active_min,31/07/2015,71
steps_active_min,01/08/2015,0
steps_active_min,02/08/2015,36
steps_active_min,03/08/2015,0
steps_active_min,04/08/2015,60
steps_active_min,05/08/2015,
steps_active_min,06/08/2015,21
steps_active_min,07/08/2015,0
steps_active_min,08/08/2015,26
steps_active_min,09/08/2015,61
steps_active_min,10/08/2015,0
steps_active_min,11/08/2015,0
steps_active_min,12/08/2015,21
steps_active_min,13/08/2015,20
steps_active_min,14/08/2015,0
steps_active_min,15/08/2015,0
steps_active_min,16/08/2015,20
steps_active_min,17/08/2015,7
steps_active_min,18/08/2015,8
steps_active_min,19/08/2015,0
steps_active_min,20/08/2015,14
steps_active_min,21/08/2015,0
steps_active_min,22/08/2015,104
steps_active_min,23/08/2015,0
steps_active_min,24/08/2015,0
steps_active_min,25/08/2015,0
steps_active_min,27/08/2015,12
steps_active_min,28/08/2015,9
steps_active_min,29/08/2015,0
steps_active_min,30/08/2015,0
steps_active_min,31/08/2015,0
steps_active_min,01/09/2015,0
steps_active_min,02/09/2015,0
steps_active_min,03/09/2015,13
steps_active_min,04/09/2015,0
steps_active_min,05/09/2015,7
steps_active_min,06/09/2015,39
steps_active_min,07/09/2015,7
steps_active_min,08/09/2015,0
steps_active_min,09/09/2015,22
steps_active_min,10/09/2015,7
steps_active_min,11/09/2015,39
steps_active_min,12/09/2015,8
steps_active_min,13/09/2015,0
steps_active_min,14/09/2015,17
steps_active_min,15/09/2015,20
steps_active_min,16/09/2015,0
steps_active_min,17/09/2015,0
steps_active_min,18/09/2015,0
steps_active_min,19/09/2015,17
steps_active_min,20/09/2015,0
steps_active_min,21/09/2015,10
steps_active_min,22/09/2015,0
steps_active_min,23/09/2015,43
steps_active_min,24/09/2015,0
steps_active_min,25/09/2015,0
steps_active_min,26/09/2015,0
steps_active_min,27/09/2015,0
steps_active_min,28/09/2015,0
steps_active_min,29/09/2015,15
steps_active_min,30/09/2015,15
steps_active_min,01/10/2015,35
steps_active_min,02/10/2015,14
steps_active_min,03/10/2015,6
steps_active_min,04/10/2015,0
steps_active_min,05/10/2015,0
steps_active_min,06/10/2015,0
steps_active_min,07/10/2015,0
steps_active_min,08/10/2015,0
steps_active_min,09/10/2015,0
steps_active_min,10/10/2015,0
steps_active_min,11/10/2015,0
steps_active_min,12/10/2015,0
steps_active_min,13/10/2015,0
steps_active_min,14/10/2015,0
steps_active_min,15/10/2015,0
steps_active_min,16/10/2015,0
steps_active_min,17/10/2015,0
steps_active_min,18/10/2015,0
steps_active_min,19/10/2015,0
steps_active_min,20/10/2015,0
steps_active_min,21/10/2015,0
steps_active_min,22/10/2015,0
steps_active_min,23/10/2015,0
steps_distance,26/07/2015,10.83
steps_distance,27/07/2015,2.08
steps_distance,28/07/2015,0.45
steps_distance,29/07/2015,3.62
steps_distance,30/07/2015,3.36
steps_distance,31/07/2015,7.21
steps_distance,01/08/2015,1.99
steps_distance,02/08/2015,4.85
steps_distance,03/08/2015,3.59
steps_distance,04/08/2015,1.88
steps_distance,05/08/2015,3.55
steps_distance,06/08/2015,4.93
steps_distance,07/08/2015,2.17
steps_distance,08/08/2015,3.65
steps_distance,09/08/2015,5.68
steps_distance,10/08/2015,2.96
steps_distance,11/08/2015,1.08
steps_distance,12/08/2015,6.25
steps_distance,13/08/2015,4.45
steps_distance,14/08/2015,1.49
steps_distance,15/08/2015,1.81
steps_distance,16/08/2015,1.68
steps_distance,17/08/2015,4.26
steps_distance,18/08/2015,3.97
steps_distance,19/08/2015,1.72
steps_distance,20/08/2015,3.18
steps_distance,21/08/2015,2.48
steps_distance,22/08/2015,11.93
steps_distance,23/08/2015,1.09
steps_distance,24/08/2015,3.48
steps_distance,25/08/2015,0
steps_distance,27/08/2015,5.03
steps_distance,28/08/2015,3.85
steps_distance,29/08/2015,2.64
steps_distance,30/08/2015,2.46
steps_distance,31/08/2015,3
steps_distance,01/09/2015,2.16
steps_distance,02/09/2015,0.07
steps_distance,03/09/2015,4.3
steps_distance,04/09/2015,2.73
steps_distance,05/09/2015,2.9
steps_distance,06/09/2015,5.73
steps_distance,07/09/2015,4.76
steps_distance,08/09/2015,1.86
steps_distance,09/09/2015,6.21
steps_distance,10/09/2015,3.85
steps_distance,11/09/2015,6.31
steps_distance,12/09/2015,7.35
steps_distance,13/09/2015,3.73
steps_distance,14/09/2015,6.53
steps_distance,15/09/2015,3.94
steps_distance,16/09/2015,4.46
steps_distance,17/09/2015,1.73
steps_distance,18/09/2015,2.86
steps_distance,19/09/2015,2.63
steps_distance,20/09/2015,4.3
steps_distance,21/09/2015,5.15
steps_distance,22/09/2015,5.85
steps_distance,23/09/2015,7.29
steps_distance,24/09/2015,0.87
steps_distance,25/09/2015,1.94
steps_distance,26/09/2015,None
steps_distance,27/09/2015,None
steps_distance,28/09/2015,None
steps_distance,29/09/2015,3.26
steps_distance,30/09/2015,4.98
steps_distance,01/10/2015,9.4
steps_distance,02/10/2015,5.02
steps_distance,03/10/2015,2.79
steps_distance,04/10/2015,1.09
steps_distance,05/10/2015,0.7
steps_distance,06/10/2015,None
steps_distance,07/10/2015,None
steps_distance,08/10/2015,None
steps_distance,09/10/2015,None
steps_distance,10/10/2015,None
steps_distance,11/10/2015,None
steps_distance,12/10/2015,None
steps_distance,13/10/2015,None
steps_distance,14/10/2015,None
steps_distance,15/10/2015,None
steps_distance,16/10/2015,None
steps_distance,17/10/2015,None
steps_distance,18/10/2015,None
steps_distance,19/10/2015,None
steps_distance,20/10/2015,None
steps_distance,21/10/2015,None
steps_distance,22/10/2015,None
steps_distance,23/10/2015,None
steps_goal,26/07/2015,0
steps_goal,27/07/2015,0
steps_goal,28/07/2015,0
steps_goal,29/07/2015,0
steps_goal,30/07/2015,0
steps_goal,31/07/2015,0
steps_goal,01/08/2015,0
steps_goal,02/08/2015,0
steps_goal,03/08/2015,0
steps_goal,04/08/2015,0
steps_goal,05/08/2015,0
steps_goal,06/08/2015,0
steps_goal,07/08/2015,0
steps_goal,08/08/2015,0
steps_goal,09/08/2015,0
steps_goal,10/08/2015,0
steps_goal,11/08/2015,0
steps_goal,12/08/2015,0
steps_goal,13/08/2015,4993
steps_goal,14/08/2015,3229
steps_goal,15/08/2015,2782
steps_goal,16/08/2015,7209
steps_goal,17/08/2015,0
steps_goal,18/08/2015,0
steps_goal,19/08/2015,0
steps_goal,20/08/2015,3666
steps_goal,21/08/2015,0
steps_goal,22/08/2015,2689
steps_goal,23/08/2015,2499
steps_goal,24/08/2015,3093
steps_goal,25/08/2015,670
steps_goal,27/08/2015,4993
steps_goal,28/08/2015,2213
steps_goal,29/08/2015,2782
steps_goal,30/08/2015,2499
steps_goal,31/08/2015,3093
steps_goal,01/09/2015,670
steps_goal,02/09/2015,2558
steps_goal,03/09/2015,4993
steps_goal,04/09/2015,2213
steps_goal,05/09/2015,2782
steps_goal,06/09/2015,2499
steps_goal,07/09/2015,4393
steps_goal,08/09/2015,1603
steps_goal,09/09/2015,2558
steps_goal,10/09/2015,6227
steps_goal,11/09/2015,3681
steps_goal,12/09/2015,2959
steps_goal,13/09/2015,3652
steps_goal,14/09/2015,4393
steps_goal,15/09/2015,1603
steps_goal,16/09/2015,2558
steps_goal,17/09/2015,5718
steps_goal,18/09/2015,3681
steps_goal,19/09/2015,2959
steps_goal,20/09/2015,3652
steps_goal,21/09/2015,4457
steps_goal,22/09/2015,2764
steps_goal,23/09/2015,3825
steps_goal,24/09/2015,5718
steps_goal,25/09/2015,4055
steps_goal,26/09/2015,2959
steps_goal,27/09/2015,5549
steps_goal,28/09/2015,5231
steps_goal,29/09/2015,2797
steps_goal,30/09/2015,5380
steps_goal,01/10/2015,5718
steps_goal,02/10/2015,4055
steps_goal,03/10/2015,3921
steps_goal,04/10/2015,5549
steps_goal,05/10/2015,5231
steps_goal,06/10/2015,2797
steps_goal,07/10/2015,5380
steps_goal,08/10/2015,5718
steps_goal,09/10/2015,4055
steps_goal,10/10/2015,4146
steps_goal,11/10/2015,5549
steps_goal,12/10/2015,5231
steps_goal,13/10/2015,3033
steps_goal,14/10/2015,6630
steps_goal,15/10/2015,6227
steps_goal,16/10/2015,4250
steps_goal,17/10/2015,4146
steps_goal,18/10/2015,5549
steps_goal,19/10/2015,5231
steps_goal,20/10/2015,3033
steps_goal,21/10/2015,6630
steps_goal,22/10/2015,6227
steps_goal,23/10/2015,4250
time_in_bed,26/07/2015,450
time_in_bed,27/07/2015,954
time_in_bed,28/07/2015,597
time_in_bed,29/07/2015,764
time_in_bed,30/07/2015,574
time_in_bed,31/07/2015,505
time_in_bed,01/08/2015,743
time_in_bed,02/08/2015,568
time_in_bed,03/08/2015,857
time_in_bed,04/08/2015,453
time_in_bed,05/08/2015,611
time_in_bed,06/08/2015,626
time_in_bed,07/08/2015,None
time_in_bed,08/08/2015,700
time_in_bed,09/08/2015,None
time_in_bed,10/08/2015,503
time_in_bed,11/08/2015,523
time_in_bed,12/08/2015,None
time_in_bed,13/08/2015,492
time_in_bed,14/08/2015,None
time_in_bed,15/08/2015,584
time_in_bed,16/08/2015,None
time_in_bed,17/08/2015,681
time_in_bed,18/08/2015,None
time_in_bed,19/08/2015,591
time_in_bed,20/08/2015,745
time_in_bed,21/08/2015,961
time_in_bed,22/08/2015,600
time_in_bed,23/08/2015,630
time_in_bed,24/08/2015,640
time_in_bed,25/08/2015,None
time_in_bed,27/08/2015,None
time_in_bed,28/08/2015,None
time_in_bed,29/08/2015,None
time_in_bed,30/08/2015,None
time_in_bed,31/08/2015,484
time_in_bed,01/09/2015,850
time_in_bed,02/09/2015,200
time_in_bed,03/09/2015,665
time_in_bed,04/09/2015,495
time_in_bed,05/09/2015,475
time_in_bed,06/09/2015,647
time_in_bed,07/09/2015,590
time_in_bed,08/09/2015,888
time_in_bed,09/09/2015,471
time_in_bed,10/09/2015,736
time_in_bed,11/09/2015,680
time_in_bed,12/09/2015,512
time_in_bed,13/09/2015,152
time_in_bed,14/09/2015,723
time_in_bed,15/09/2015,None
time_in_bed,16/09/2015,None
time_in_bed,17/09/2015,961
time_in_bed,18/09/2015,961
time_in_bed,19/09/2015,354
time_in_bed,20/09/2015,399
time_in_bed,21/09/2015,892
time_in_bed,22/09/2015,520
time_in_bed,23/09/2015,521
time_in_bed,24/09/2015,563
time_in_bed,25/09/2015,None
time_in_bed,26/09/2015,None
time_in_bed,27/09/2015,None
time_in_bed,28/09/2015,None
time_in_bed,29/09/2015,None
time_in_bed,30/09/2015,None
time_in_bed,01/10/2015,None
time_in_bed,02/10/2015,635
time_in_bed,03/10/2015,559
time_in_bed,04/10/2015,685
time_in_bed,05/10/2015,729
time_in_bed,06/10/2015,None
time_in_bed,07/10/2015,None
time_in_bed,08/10/2015,None
time_in_bed,09/10/2015,None
time_in_bed,10/10/2015,None
time_in_bed,11/10/2015,None
time_in_bed,12/10/2015,None
time_in_bed,13/10/2015,None
time_in_bed,14/10/2015,None
time_in_bed,15/10/2015,None
time_in_bed,16/10/2015,None
time_in_bed,17/10/2015,None
time_in_bed,18/10/2015,None
time_in_bed,19/10/2015,None
time_in_bed,20/10/2015,None
time_in_bed,21/10/2015,None
time_in_bed,22/10/2015,None
time_in_bed,23/10/2015,None
tracks,26/07/2015,0
tracks,27/07/2015,0
tracks,28/07/2015,0
tracks,29/07/2015,52
tracks,30/07/2015,52
tracks,31/07/2015,18
tracks,01/08/2015,32
tracks,02/08/2015,0
tracks,03/08/2015,66
tracks,04/08/2015,0
tracks,05/08/2015,46
tracks,06/08/2015,16
tracks,07/08/2015,6
tracks,08/08/2015,6
tracks,09/08/2015,0
tracks,10/08/2015,3
tracks,11/08/2015,0
tracks,12/08/2015,48
tracks,13/08/2015,84
tracks,14/08/2015,0
tracks,15/08/2015,0
tracks,16/08/2015,80
tracks,17/08/2015,106
tracks,18/08/2015,25
tracks,19/08/2015,0
tracks,20/08/2015,0
tracks,21/08/2015,0
tracks,22/08/2015,0
tracks,23/08/2015,0
tracks,24/08/2015,22
tracks,25/08/2015,0
tracks,27/08/2015,40
tracks,28/08/2015,0
tracks,29/08/2015,0
tracks,30/08/2015,9
tracks,31/08/2015,0
tracks,01/09/2015,14
tracks,02/09/2015,0
tracks,03/09/2015,0
tracks,04/09/2015,0
tracks,05/09/2015,26
tracks,06/09/2015,0
tracks,07/09/2015,24
tracks,08/09/2015,50
tracks,09/09/2015,0
tracks,10/09/2015,25
tracks,11/09/2015,0
tracks,12/09/2015,0
tracks,13/09/2015,0
tracks,14/09/2015,0
tracks,15/09/2015,0
tracks,16/09/2015,16
tracks,17/09/2015,0
tracks,18/09/2015,0
tracks,19/09/2015,0
tracks,20/09/2015,6
tracks,21/09/2015,29
tracks,22/09/2015,0
tracks,23/09/2015,0
tracks,24/09/2015,0
tracks,25/09/2015,61
tracks,26/09/2015,18
tracks,27/09/2015,1
tracks,28/09/2015,58
tracks,29/09/2015,31
tracks,30/09/2015,53
tracks,01/10/2015,7
tracks,02/10/2015,81
tracks,03/10/2015,8
tracks,04/10/2015,0
tracks,05/10/2015,0
tracks,06/10/2015,49
tracks,07/10/2015,93
tracks,08/10/2015,0
tracks,09/10/2015,0
tracks,10/10/2015,0
tracks,11/10/2015,0
tracks,12/10/2015,0
tracks,13/10/2015,0
tracks,14/10/2015,0
tracks,15/10/2015,0
tracks,16/10/2015,0
tracks,17/10/2015,0
tracks,18/10/2015,0
tracks,19/10/2015,0
tracks,20/10/2015,0
tracks,21/10/2015,0
tracks,22/10/2015,0
tracks,23/10/2015,0
weather_cloud_cover,26/07/2015,0.84
weather_cloud_cover,27/07/2015,0.88
weather_cloud_cover,28/07/2015,0.54
weather_cloud_cover,29/07/2015,0.47
weather_cloud_cover,30/07/2015,0.36
weather_cloud_cover,31/07/2015,0.23
weather_cloud_cover,01/08/2015,0.54
weather_cloud_cover,02/08/2015,0.4
weather_cloud_cover,03/08/2015,0.56
weather_cloud_cover,04/08/2015,0.56
weather_cloud_cover,05/08/2015,0.61
weather_cloud_cover,06/08/2015,0.62
weather_cloud_cover,07/08/2015,0.29
weather_cloud_cover,08/08/2015,0.13
weather_cloud_cover,09/08/2015,0.59
weather_cloud_cover,10/08/2015,0.66
weather_cloud_cover,11/08/2015,0.46
weather_cloud_cover,12/08/2015,0.44
weather_cloud_cover,13/08/2015,0.71
weather_cloud_cover,14/08/2015,0.9
weather_cloud_cover,15/08/2015,0.45
weather_cloud_cover,16/08/2015,0.31
weather_cloud_cover,17/08/2015,0.4
weather_cloud_cover,18/08/2015,0.33
weather_cloud_cover,19/08/2015,0.78
weather_cloud_cover,20/08/2015,0.8
weather_cloud_cover,21/08/2015,0.89
weather_cloud_cover,22/08/2015,0.67
weather_cloud_cover,23/08/2015,0.76
weather_cloud_cover,24/08/2015,0.84
weather_cloud_cover,25/08/2015,0.6
weather_cloud_cover,27/08/2015,0.39
weather_cloud_cover,28/08/2015,0.4
weather_cloud_cover,29/08/2015,0.55
weather_cloud_cover,30/08/2015,0.79
weather_cloud_cover,31/08/2015,0.87
weather_cloud_cover,01/09/2015,0.44
weather_cloud_cover,02/09/2015,0.43
weather_cloud_cover,03/09/2015,0.78
weather_cloud_cover,04/09/2015,0.63
weather_cloud_cover,05/09/2015,0.56
weather_cloud_cover,06/09/2015,0.1
weather_cloud_cover,07/09/2015,0.07
weather_cloud_cover,08/09/2015,0.29
weather_cloud_cover,09/09/2015,0.34
weather_cloud_cover,10/09/2015,0.19
weather_cloud_cover,11/09/2015,0.55
weather_cloud_cover,12/09/2015,0.61
weather_cloud_cover,13/09/2015,0.56
weather_cloud_cover,14/09/2015,0.8
weather_cloud_cover,15/09/2015,0.76
weather_cloud_cover,16/09/2015,0.74
weather_cloud_cover,17/09/2015,0.49
weather_cloud_cover,18/09/2015,0.56
weather_cloud_cover,19/09/2015,0.18
weather_cloud_cover,20/09/2015,0.66
weather_cloud_cover,21/09/2015,0.56
weather_cloud_cover,22/09/2015,0.64
weather_cloud_cover,23/09/2015,0.48
weather_cloud_cover,24/09/2015,0.67
weather_cloud_cover,25/09/2015,0.33
weather_cloud_cover,26/09/2015,0.07
weather_cloud_cover,27/09/2015,0.05
weather_cloud_cover,28/09/2015,0.17
weather_cloud_cover,29/09/2015,0.23
weather_cloud_cover,30/09/2015,0.15
weather_cloud_cover,01/10/2015,0.18
weather_cloud_cover,02/10/2015,0.21
weather_cloud_cover,03/10/2015,0.5
weather_cloud_cover,04/10/2015,0.52
weather_cloud_cover,05/10/2015,0.88
weather_cloud_cover,06/10/2015,0.66
weather_cloud_cover,07/10/2015,0.73
weather_cloud_cover,08/10/2015,0.55
weather_cloud_cover,09/10/2015,0.44
weather_cloud_cover,10/10/2015,0.6
weather_cloud_cover,11/10/2015,0.67
weather_cloud_cover,12/10/2015,0.23
weather_cloud_cover,13/10/2015,0.38
weather_cloud_cover,14/10/2015,0.31
weather_cloud_cover,15/10/2015,0.52
weather_cloud_cover,16/10/2015,0.67
weather_cloud_cover,17/10/2015,0.73
weather_cloud_cover,18/10/2015,0.79
weather_cloud_cover,19/10/2015,0.88
weather_cloud_cover,20/10/2015,0.46
weather_cloud_cover,21/10/2015,0.93
weather_cloud_cover,22/10/2015,0.78
weather_cloud_cover,23/10/2015,0.87
weather_icon,26/07/2015,rain
weather_icon,27/07/2015,partly-cloudy-day
weather_icon,28/07/2015,partly-cloudy-day
weather_icon,29/07/2015,partly-cloudy-day
weather_icon,30/07/2015,partly-cloudy-day
weather_icon,31/07/2015,partly-cloudy-night
weather_icon,01/08/2015,rain
weather_icon,02/08/2015,partly-cloudy-day
weather_icon,03/08/2015,partly-cloudy-day
weather_icon,04/08/2015,rain
weather_icon,05/08/2015,rain
weather_icon,06/08/2015,partly-cloudy-day
weather_icon,07/08/2015,partly-cloudy-day
weather_icon,08/08/2015,partly-cloudy-day
weather_icon,09/08/2015,rain
weather_icon,10/08/2015,rain
weather_icon,11/08/2015,partly-cloudy-day
weather_icon,12/08/2015,partly-cloudy-day
weather_icon,13/08/2015,rain
weather_icon,14/08/2015,rain
weather_icon,15/08/2015,partly-cloudy-day
weather_icon,16/08/2015,partly-cloudy-day
weather_icon,17/08/2015,partly-cloudy-day
weather_icon,18/08/2015,partly-cloudy-day
weather_icon,19/08/2015,rain
weather_icon,20/08/2015,partly-cloudy-day
weather_icon,21/08/2015,rain
weather_icon,22/08/2015,rain
weather_icon,23/08/2015,rain
weather_icon,24/08/2015,rain
weather_icon,25/08/2015,rain
weather_icon,27/08/2015,rain
weather_icon,28/08/2015,partly-cloudy-day
weather_icon,29/08/2015,partly-cloudy-day
weather_icon,30/08/2015,rain
weather_icon,31/08/2015,rain
weather_icon,01/09/2015,partly-cloudy-day
weather_icon,02/09/2015,partly-cloudy-day
weather_icon,03/09/2015,partly-cloudy-day
weather_icon,04/09/2015,partly-cloudy-day
weather_icon,05/09/2015,partly-cloudy-day
weather_icon,06/09/2015,clear-day
weather_icon,07/09/2015,clear-day
weather_icon,08/09/2015,partly-cloudy-day
weather_icon,09/09/2015,partly-cloudy-day
weather_icon,10/09/2015,partly-cloudy-day
weather_icon,11/09/2015,rain
weather_icon,12/09/2015,rain
weather_icon,13/09/2015,rain
weather_icon,14/09/2015,rain
weather_icon,15/09/2015,rain
weather_icon,16/09/2015,rain
weather_icon,17/09/2015,rain
weather_icon,18/09/2015,partly-cloudy-day
weather_icon,19/09/2015,fog
weather_icon,20/09/2015,rain
weather_icon,21/09/2015,rain
weather_icon,22/09/2015,rain
weather_icon,23/09/2015,rain
weather_icon,24/09/2015,rain
weather_icon,25/09/2015,partly-cloudy-day
weather_icon,26/09/2015,clear-day
weather_icon,27/09/2015,clear-day
weather_icon,28/09/2015,partly-cloudy-day
weather_icon,29/09/2015,partly-cloudy-day
weather_icon,30/09/2015,partly-cloudy-day
weather_icon,01/10/2015,partly-cloudy-day
weather_icon,02/10/2015,partly-cloudy-day
weather_icon,03/10/2015,fog
weather_icon,04/10/2015,rain
weather_icon,05/10/2015,rain
weather_icon,06/10/2015,rain
weather_icon,07/10/2015,rain
weather_icon,08/10/2015,partly-cloudy-day
weather_icon,09/10/2015,partly-cloudy-day
weather_icon,10/10/2015,partly-cloudy-day
weather_icon,11/10/2015,partly-cloudy-day
weather_icon,12/10/2015,partly-cloudy-day
weather_icon,13/10/2015,partly-cloudy-night
weather_icon,14/10/2015,partly-cloudy-day
weather_icon,15/10/2015,partly-cloudy-day
weather_icon,16/10/2015,partly-cloudy-day
weather_icon,17/10/2015,partly-cloudy-day
weather_icon,18/10/2015,rain
weather_icon,19/10/2015,partly-cloudy-day
weather_icon,20/10/2015,rain
weather_icon,21/10/2015,rain
weather_icon,22/10/2015,partly-cloudy-day
weather_icon,23/10/2015,partly-cloudy-day
weather_precipitation,26/07/2015,0.658
weather_precipitation,27/07/2015,0.081
weather_precipitation,28/07/2015,0.013
weather_precipitation,29/07/2015,0.048
weather_precipitation,30/07/2015,0.005
weather_precipitation,31/07/2015,0
weather_precipitation,01/08/2015,0.038
weather_precipitation,02/08/2015,0
weather_precipitation,03/08/2015,0.015
weather_precipitation,04/08/2015,0.132
weather_precipitation,05/08/2015,0.048
weather_precipitation,06/08/2015,0.028
weather_precipitation,07/08/2015,0
weather_precipitation,08/08/2015,0
weather_precipitation,09/08/2015,0.064
weather_precipitation,10/08/2015,0.14
weather_precipitation,11/08/2015,0
weather_precipitation,12/08/2015,0
weather_precipitation,13/08/2015,0.643
weather_precipitation,14/08/2015,0.47
weather_precipitation,15/08/2015,0.01
weather_precipitation,16/08/2015,0.02
weather_precipitation,17/08/2015,0
weather_precipitation,18/08/2015,0
weather_precipitation,19/08/2015,0.625
weather_precipitation,20/08/2015,0.046
weather_precipitation,21/08/2015,0.069
weather_precipitation,22/08/2015,0.503
weather_precipitation,23/08/2015,0.823
weather_precipitation,24/08/2015,0.231
weather_precipitation,25/08/2015,0.208
weather_precipitation,27/08/2015,0.056
weather_precipitation,28/08/2015,0.015
weather_precipitation,29/08/2015,0.008
weather_precipitation,30/08/2015,0.178
weather_precipitation,31/08/2015,0.549
weather_precipitation,01/09/2015,0.025
weather_precipitation,02/09/2015,0.033
weather_precipitation,03/09/2015,0.033
weather_precipitation,04/09/2015,0.01
weather_precipitation,05/09/2015,0.015
weather_precipitation,06/09/2015,0
weather_precipitation,07/09/2015,0
weather_precipitation,08/09/2015,0
weather_precipitation,09/09/2015,0
weather_precipitation,10/09/2015,0
weather_precipitation,11/09/2015,0.145
weather_precipitation,12/09/2015,0.244
weather_precipitation,13/09/2015,0.104
weather_precipitation,14/09/2015,0.648
weather_precipitation,15/09/2015,0.61
weather_precipitation,16/09/2015,0.091
weather_precipitation,17/09/2015,0.053
weather_precipitation,18/09/2015,0.043
weather_precipitation,19/09/2015,0.002
weather_precipitation,20/09/2015,0.013
weather_precipitation,21/09/2015,0.262
weather_precipitation,22/09/2015,0.325
weather_precipitation,23/09/2015,0.069
weather_precipitation,24/09/2015,0.173
weather_precipitation,25/09/2015,0
weather_precipitation,26/09/2015,0
weather_precipitation,27/09/2015,0
weather_precipitation,28/09/2015,0
weather_precipitation,29/09/2015,0
weather_precipitation,30/09/2015,0
weather_precipitation,01/10/2015,0
weather_precipitation,02/10/2015,0
weather_precipitation,03/10/2015,0
weather_precipitation,04/10/2015,0.005
weather_precipitation,05/10/2015,0.47
weather_precipitation,06/10/2015,0.277
weather_precipitation,07/10/2015,0.135
weather_precipitation,08/10/2015,0
weather_precipitation,09/10/2015,0
weather_precipitation,10/10/2015,0
weather_precipitation,11/10/2015,0
weather_precipitation,12/10/2015,0
weather_precipitation,13/10/2015,0
weather_precipitation,14/10/2015,0
weather_precipitation,15/10/2015,0.008
weather_precipitation,16/10/2015,0
weather_precipitation,17/10/2015,0
weather_precipitation,18/10/2015,0.028
weather_precipitation,19/10/2015,0
weather_precipitation,20/10/2015,0
weather_precipitation,21/10/2015,0.556
weather_precipitation,22/10/2015,0.015
weather_precipitation,23/10/2015,0
weather_summary,26/07/2015,Rain throughout the day.
weather_summary,27/07/2015,Mostly cloudy throughout the day.
weather_summary,28/07/2015,Partly cloudy until evening.
weather_summary,29/07/2015,Partly cloudy throughout the day.
weather_summary,30/07/2015,Partly cloudy until evening.
weather_summary,31/07/2015,Partly cloudy starting in the evening.
weather_summary,01/08/2015,Drizzle in the afternoon.
weather_summary,02/08/2015,Partly cloudy throughout the day.
weather_summary,03/08/2015,Partly cloudy throughout the day.
weather_summary,04/08/2015,Light rain until afternoon.
weather_summary,05/08/2015,Light rain in the evening.
weather_summary,06/08/2015,Partly cloudy throughout the day.
weather_summary,07/08/2015,Partly cloudy starting in the afternoon.
weather_summary,08/08/2015,Partly cloudy in the morning.
weather_summary,09/08/2015,Light rain in the morning.
weather_summary,10/08/2015,Light rain until afternoon.
weather_summary,11/08/2015,Partly cloudy throughout the day.
weather_summary,12/08/2015,Partly cloudy throughout the day.
weather_summary,13/08/2015,Rain throughout the day.
weather_summary,14/08/2015,Light rain until evening.
weather_summary,15/08/2015,Partly cloudy until evening.
weather_summary,16/08/2015,Partly cloudy until evening.
weather_summary,17/08/2015,Partly cloudy throughout the day.
weather_summary,18/08/2015,Partly cloudy throughout the day.
weather_summary,19/08/2015,Rain throughout the day.
weather_summary,20/08/2015,Mostly cloudy throughout the day.
weather_summary,21/08/2015,Drizzle in the afternoon.
weather_summary,22/08/2015,Rain in the morning and evening.
weather_summary,23/08/2015,Rain until afternoon.
weather_summary,24/08/2015,Light rain until evening.
weather_summary,25/08/2015,"Rain until evening, starting again overnight."
weather_summary,27/08/2015,Drizzle in the morning.
weather_summary,28/08/2015,Partly cloudy throughout the day.
weather_summary,29/08/2015,Partly cloudy throughout the day.
weather_summary,30/08/2015,"Rain until afternoon, starting again overnight."
weather_summary,31/08/2015,Light rain until afternoon.
weather_summary,01/09/2015,Partly cloudy throughout the day.
weather_summary,02/09/2015,Mostly cloudy throughout the day.
weather_summary,03/09/2015,Mostly cloudy throughout the day.
weather_summary,04/09/2015,Mostly cloudy throughout the day.
weather_summary,05/09/2015,Partly cloudy until evening.
weather_summary,06/09/2015,Clear throughout the day.
weather_summary,07/09/2015,Clear throughout the day.
weather_summary,08/09/2015,Partly cloudy until evening.
weather_summary,09/09/2015,Partly cloudy until evening.
weather_summary,10/09/2015,Partly cloudy in the morning.
weather_summary,11/09/2015,Light rain starting in the evening.
weather_summary,12/09/2015,Light rain until afternoon.
weather_summary,13/09/2015,Light rain starting in the evening.
weather_summary,14/09/2015,Rain throughout the day.
weather_summary,15/09/2015,Light rain until afternoon.
weather_summary,16/09/2015,Light rain starting in the afternoon.
weather_summary,17/09/2015,"Drizzle starting in the afternoon, continuing until evening."
weather_summary,18/09/2015,Partly cloudy throughout the day.
weather_summary,19/09/2015,Foggy in the morning.
weather_summary,20/09/2015,Light rain overnight.
weather_summary,21/09/2015,"Light rain until evening, starting again overnight."
weather_summary,22/09/2015,Light rain until evening.
weather_summary,23/09/2015,Light rain in the afternoon and overnight.
weather_summary,24/09/2015,Light rain in the morning.
weather_summary,25/09/2015,"Partly cloudy starting in the afternoon, continuing until evening."
weather_summary,26/09/2015,Clear throughout the day.
weather_summary,27/09/2015,Clear throughout the day.
weather_summary,28/09/2015,Partly cloudy in the morning.
weather_summary,29/09/2015,Partly cloudy until afternoon.
weather_summary,30/09/2015,Partly cloudy in the morning.
weather_summary,01/10/2015,Partly cloudy in the morning.
weather_summary,02/10/2015,Partly cloudy in the morning.
weather_summary,03/10/2015,Foggy in the morning.
weather_summary,04/10/2015,Light rain overnight.
weather_summary,05/10/2015,Light rain throughout the day.
weather_summary,06/10/2015,"Light rain until afternoon, starting again in the evening."
weather_summary,07/10/2015,Light rain in the morning.
weather_summary,08/10/2015,Partly cloudy throughout the day.
weather_summary,09/10/2015,Partly cloudy throughout the day.
weather_summary,10/10/2015,Mostly cloudy throughout the day.
weather_summary,11/10/2015,Mostly cloudy throughout the day.
weather_summary,12/10/2015,Partly cloudy until evening.
weather_summary,13/10/2015,Partly cloudy starting in the afternoon.
weather_summary,14/10/2015,Partly cloudy starting in the afternoon.
weather_summary,15/10/2015,Mostly cloudy throughout the day.
weather_summary,16/10/2015,Mostly cloudy throughout the day.
weather_summary,17/10/2015,Mostly cloudy throughout the day.
weather_summary,18/10/2015,Drizzle in the morning.
weather_summary,19/10/2015,Mostly cloudy throughout the day.
weather_summary,20/10/2015,Light rain overnight.
weather_summary,21/10/2015,Rain until afternoon.
weather_summary,22/10/2015,Mostly cloudy throughout the day.
weather_summary,23/10/2015,Mostly cloudy throughout the day.
weather_temp_max,26/07/2015,15.8
weather_temp_max,27/07/2015,16.1
weather_temp_max,28/07/2015,16.8
weather_temp_max,29/07/2015,15.7
weather_temp_max,30/07/2015,17.5
weather_temp_max,31/07/2015,19.3
weather_temp_max,01/08/2015,17.6
weather_temp_max,02/08/2015,22.6
weather_temp_max,03/08/2015,19.6
weather_temp_max,04/08/2015,17.6
weather_temp_max,05/08/2015,18.6
weather_temp_max,06/08/2015,19.1
weather_temp_max,07/08/2015,20.2
weather_temp_max,08/08/2015,22.8
weather_temp_max,09/08/2015,20.1
weather_temp_max,10/08/2015,18.8
weather_temp_max,11/08/2015,18.5
weather_temp_max,12/08/2015,22.2
weather_temp_max,13/08/2015,18.9
weather_temp_max,14/08/2015,16.7
weather_temp_max,15/08/2015,16.8
weather_temp_max,16/08/2015,17.9
weather_temp_max,17/08/2015,19.6
weather_temp_max,18/08/2015,19.3
weather_temp_max,19/08/2015,15.6
weather_temp_max,20/08/2015,20.2
weather_temp_max,21/08/2015,19.6
weather_temp_max,22/08/2015,25.2
weather_temp_max,23/08/2015,17.8
weather_temp_max,24/08/2015,14.5
weather_temp_max,25/08/2015,15.5
weather_temp_max,27/08/2015,17.3
weather_temp_max,28/08/2015,17.9
weather_temp_max,29/08/2015,19.3
weather_temp_max,30/08/2015,16.7
weather_temp_max,31/08/2015,15
weather_temp_max,01/09/2015,17.3
weather_temp_max,02/09/2015,15.8
weather_temp_max,03/09/2015,14.4
weather_temp_max,04/09/2015,16.9
weather_temp_max,05/09/2015,14.7
weather_temp_max,06/09/2015,17.6
weather_temp_max,07/09/2015,19.4
weather_temp_max,08/09/2015,15.6
weather_temp_max,09/09/2015,17.3
weather_temp_max,10/09/2015,20.5
weather_temp_max,11/09/2015,19.6
weather_temp_max,12/09/2015,16.5
weather_temp_max,13/09/2015,16.8
weather_temp_max,14/09/2015,14.6
weather_temp_max,15/09/2015,16.5
weather_temp_max,16/09/2015,15
weather_temp_max,17/09/2015,16.4
weather_temp_max,18/09/2015,17.6
weather_temp_max,19/09/2015,17.9
weather_temp_max,20/09/2015,16.1
weather_temp_max,21/09/2015,15.7
weather_temp_max,22/09/2015,13.8
weather_temp_max,23/09/2015,15.7
weather_temp_max,24/09/2015,15.2
weather_temp_max,25/09/2015,15.6
weather_temp_max,26/09/2015,15.8
weather_temp_max,27/09/2015,17.3
weather_temp_max,28/09/2015,18.1
weather_temp_max,29/09/2015,17.9
weather_temp_max,30/09/2015,17.4
weather_temp_max,01/10/2015,17.4
weather_temp_max,02/10/2015,16.6
weather_temp_max,03/10/2015,13.6
weather_temp_max,04/10/2015,16.3
weather_temp_max,05/10/2015,17.4
weather_temp_max,06/10/2015,16.5
weather_temp_max,07/10/2015,13.5
weather_temp_max,08/10/2015,15.1
weather_temp_max,09/10/2015,15
weather_temp_max,10/10/2015,13.8
weather_temp_max,11/10/2015,13.8
weather_temp_max,12/10/2015,13.5
weather_temp_max,13/10/2015,12.4
weather_temp_max,14/10/2015,12.1
weather_temp_max,15/10/2015,11.9
weather_temp_max,16/10/2015,12.4
weather_temp_max,17/10/2015,11.7
weather_temp_max,18/10/2015,12.9
weather_temp_max,19/10/2015,12.6
weather_temp_max,20/10/2015,13.8
weather_temp_max,21/10/2015,14.9
weather_temp_max,22/10/2015,13.3
weather_temp_max,23/10/2015,12.5
weather_temp_min,26/07/2015,11.6
weather_temp_min,27/07/2015,14
weather_temp_min,28/07/2015,12.8
weather_temp_min,29/07/2015,10.3
weather_temp_min,30/07/2015,9.8
weather_temp_min,31/07/2015,7.7
weather_temp_min,01/08/2015,9.2
weather_temp_min,02/08/2015,11.7
weather_temp_min,03/08/2015,15.1
weather_temp_min,04/08/2015,11.9
weather_temp_min,05/08/2015,13
weather_temp_min,06/08/2015,13.4
weather_temp_min,07/08/2015,10.2
weather_temp_min,08/08/2015,11.9
weather_temp_min,09/08/2015,11.5
weather_temp_min,10/08/2015,13.6
weather_temp_min,11/08/2015,10.7
weather_temp_min,12/08/2015,12.2
weather_temp_min,13/08/2015,14.6
weather_temp_min,14/08/2015,14.8
weather_temp_min,15/08/2015,11.9
weather_temp_min,16/08/2015,8.8
weather_temp_min,17/08/2015,11.9
weather_temp_min,18/08/2015,11.3
weather_temp_min,19/08/2015,11.9
weather_temp_min,20/08/2015,14.9
weather_temp_min,21/08/2015,16.6
weather_temp_min,22/08/2015,15.5
weather_temp_min,23/08/2015,13.1
weather_temp_min,24/08/2015,11.6
weather_temp_min,25/08/2015,10
weather_temp_min,27/08/2015,12.5
weather_temp_min,28/08/2015,9.9
weather_temp_min,29/08/2015,12
weather_temp_min,30/08/2015,13.7
weather_temp_min,31/08/2015,13
weather_temp_min,01/09/2015,10.5
weather_temp_min,02/09/2015,8.8
weather_temp_min,03/09/2015,9.8
weather_temp_min,04/09/2015,10.7
weather_temp_min,05/09/2015,11
weather_temp_min,06/09/2015,6.7
weather_temp_min,07/09/2015,7.9
weather_temp_min,08/09/2015,8.1
weather_temp_min,09/09/2015,9.4
weather_temp_min,10/09/2015,10.4
weather_temp_min,11/09/2015,10.1
weather_temp_min,12/09/2015,12.5
weather_temp_min,13/09/2015,10
weather_temp_min,14/09/2015,10.4
weather_temp_min,15/09/2015,10
weather_temp_min,16/09/2015,9.8
weather_temp_min,17/09/2015,8.4
weather_temp_min,18/09/2015,11
weather_temp_min,19/09/2015,8.3
weather_temp_min,20/09/2015,9.2
weather_temp_min,21/09/2015,11.4
weather_temp_min,22/09/2015,10.3
weather_temp_min,23/09/2015,8.5
weather_temp_min,24/09/2015,11.5
weather_temp_min,25/09/2015,8.7
weather_temp_min,26/09/2015,6.2
weather_temp_min,27/09/2015,6.3
weather_temp_min,28/09/2015,7.7
weather_temp_min,29/09/2015,8.9
weather_temp_min,30/09/2015,9
weather_temp_min,01/10/2015,8.9
weather_temp_min,02/10/2015,8.1
weather_temp_min,03/10/2015,6.3
weather_temp_min,04/10/2015,5.7
weather_temp_min,05/10/2015,13
weather_temp_min,06/10/2015,13.6
weather_temp_min,07/10/2015,9.9
weather_temp_min,08/10/2015,7.2
weather_temp_min,09/10/2015,7
weather_temp_min,10/10/2015,7.6
weather_temp_min,11/10/2015,9.6
weather_temp_min,12/10/2015,5.7
weather_temp_min,13/10/2015,6.2
weather_temp_min,14/10/2015,6
weather_temp_min,15/10/2015,7
weather_temp_min,16/10/2015,8.4
weather_temp_min,17/10/2015,8.5
weather_temp_min,18/10/2015,9.3
weather_temp_min,19/10/2015,9.9
weather_temp_min,20/10/2015,8.8
weather_temp_min,21/10/2015,9.7
weather_temp_min,22/10/2015,9.9
weather_temp_min,23/10/2015,7.5
weather_wind_speed,26/07/2015,2.66
weather_wind_speed,27/07/2015,6.53
weather_wind_speed,28/07/2015,6.16
weather_wind_speed,29/07/2015,3.57
weather_wind_speed,30/07/2015,2.85
weather_wind_speed,31/07/2015,1.94
weather_wind_speed,01/08/2015,2.72
weather_wind_speed,02/08/2015,3.44
weather_wind_speed,03/08/2015,3.92
weather_wind_speed,04/08/2015,4.09
weather_wind_speed,05/08/2015,3.69
weather_wind_speed,06/08/2015,3.5
weather_wind_speed,07/08/2015,1.32
weather_wind_speed,08/08/2015,1.81
weather_wind_speed,09/08/2015,2.45
weather_wind_speed,10/08/2015,3.03
weather_wind_speed,11/08/2015,0.21
weather_wind_speed,12/08/2015,2.91
weather_wind_speed,13/08/2015,4.06
weather_wind_speed,14/08/2015,3.03
weather_wind_speed,15/08/2015,3.63
weather_wind_speed,16/08/2015,1.08
weather_wind_speed,17/08/2015,1.03
weather_wind_speed,18/08/2015,2.99
weather_wind_speed,19/08/2015,2.91
weather_wind_speed,20/08/2015,3.01
weather_wind_speed,21/08/2015,4.12
weather_wind_speed,22/08/2015,2.07
weather_wind_speed,23/08/2015,1.58
weather_wind_speed,24/08/2015,2.05
weather_wind_speed,25/08/2015,3.5
weather_wind_speed,27/08/2015,3.59
weather_wind_speed,28/08/2015,3.34
weather_wind_speed,29/08/2015,2.29
weather_wind_speed,30/08/2015,2.26
weather_wind_speed,31/08/2015,2.77
weather_wind_speed,01/09/2015,2.8
weather_wind_speed,02/09/2015,2.63
weather_wind_speed,03/09/2015,2.95
weather_wind_speed,04/09/2015,2.54
weather_wind_speed,05/09/2015,2.23
weather_wind_speed,06/09/2015,1.54
weather_wind_speed,07/09/2015,1.51
weather_wind_speed,08/09/2015,2.79
weather_wind_speed,09/09/2015,3.21
weather_wind_speed,10/09/2015,3.22
weather_wind_speed,11/09/2015,4.15
weather_wind_speed,12/09/2015,3.01
weather_wind_speed,13/09/2015,3.4
weather_wind_speed,14/09/2015,3.15
weather_wind_speed,15/09/2015,4.39
weather_wind_speed,16/09/2015,3.47
weather_wind_speed,17/09/2015,2.62
weather_wind_speed,18/09/2015,1.57
weather_wind_speed,19/09/2015,0.67
weather_wind_speed,20/09/2015,2.41
weather_wind_speed,21/09/2015,3.29
weather_wind_speed,22/09/2015,3.78
weather_wind_speed,23/09/2015,3.76
weather_wind_speed,24/09/2015,4.43
weather_wind_speed,25/09/2015,2.1
weather_wind_speed,26/09/2015,1.58
weather_wind_speed,27/09/2015,2.64
weather_wind_speed,28/09/2015,3.25
weather_wind_speed,29/09/2015,3.87
weather_wind_speed,30/09/2015,4.77
weather_wind_speed,01/10/2015,3.99
weather_wind_speed,02/10/2015,2.81
weather_wind_speed,03/10/2015,0.86
weather_wind_speed,04/10/2015,2.17
weather_wind_speed,05/10/2015,4.37
weather_wind_speed,06/10/2015,1.93
weather_wind_speed,07/10/2015,5.05
weather_wind_speed,08/10/2015,1.16
weather_wind_speed,09/10/2015,1.08
weather_wind_speed,10/10/2015,3.1
weather_wind_speed,11/10/2015,3.45
weather_wind_speed,12/10/2015,3.24
weather_wind_speed,13/10/2015,3.42
weather_wind_speed,14/10/2015,3.53
weather_wind_speed,15/10/2015,3.03
weather_wind_speed,16/10/2015,3.5
weather_wind_speed,17/10/2015,3.76
weather_wind_speed,18/10/2015,3.11
weather_wind_speed,19/10/2015,2.5
weather_wind_speed,20/10/2015,1.9
weather_wind_speed,21/10/2015,4.29
weather_wind_speed,22/10/2015,4.13
weather_wind_speed,23/10/2015,2.24
weight,26/07/2015,52
weight,27/07/2015,52
weight,28/07/2015,52
weight,29/07/2015,52
weight,30/07/2015,52
weight,31/07/2015,52
weight,01/08/2015,52
weight,02/08/2015,52
weight,03/08/2015,52
weight,04/08/2015,52
weight,05/08/2015,52
weight,06/08/2015,52
weight,07/08/2015,52
weight,08/08/2015,52
weight,09/08/2015,52
weight,10/08/2015,52
weight,11/08/2015,52
weight,12/08/2015,52
weight,13/08/2015,52
weight,14/08/2015,52
weight,15/08/2015,52
weight,16/08/2015,52
weight,17/08/2015,52
weight,18/08/2015,52
weight,19/08/2015,52
weight,20/08/2015,52
weight,21/08/2015,52
weight,22/08/2015,52
weight,23/08/2015,52
weight,24/08/2015,52
weight,25/08/2015,52
weight,27/08/2015,52
weight,28/08/2015,52
weight,29/08/2015,52
weight,30/08/2015,52
weight,31/08/2015,52
weight,01/09/2015,52
weight,02/09/2015,52
weight,03/09/2015,52
weight,04/09/2015,52
weight,05/09/2015,52
weight,06/09/2015,52
weight,07/09/2015,52
weight,08/09/2015,52
weight,09/09/2015,52
weight,10/09/2015,52
weight,11/09/2015,52
weight,12/09/2015,52
weight,13/09/2015,52
weight,14/09/2015,52
weight,15/09/2015,52
weight,16/09/2015,52
weight,17/09/2015,52
weight,18/09/2015,52
weight,19/09/2015,52
weight,20/09/2015,52
weight,21/09/2015,52
weight,22/09/2015,52
weight,23/09/2015,52
weight,24/09/2015,52
weight,25/09/2015,52
weight,26/09/2015,52
weight,27/09/2015,52
weight,28/09/2015,52
weight,29/09/2015,52
weight,30/09/2015,52
weight,01/10/2015,52
weight,02/10/2015,52
weight,03/10/2015,52
weight,04/10/2015,52
weight,05/10/2015,52
weight,06/10/2015,52
weight,07/10/2015,52
weight,08/10/2015,52
weight,09/10/2015,52
weight,10/10/2015,52
weight,11/10/2015,52
weight,12/10/2015,52
weight,13/10/2015,52
weight,14/10/2015,52
weight,15/10/2015,52
weight,16/10/2015,52
weight,17/10/2015,52
weight,18/10/2015,52
weight,19/10/2015,52
weight,20/10/2015,52
weight,21/10/2015,52
weight,22/10/2015,52
weight,23/10/2015,52
test1,26/07/2015,1577
test1,27/07/2015,1860
test1,28/07/2015,1889
test1,29/07/2015,1808
test1,30/07/2015,1893
test1,31/07/2015,1828
test1,01/08/2015,1861
test1,02/08/2015,1837
test1,03/08/2015,1827
test1,04/08/2015,1712
test1,05/08/2015,1779
test1,06/08/2015,2050
test1,07/08/2015,1819
test1,08/08/2015,1774
test1,09/08/2015,1789
test1,10/08/2015,2170
test1,11/08/2015,2172
test1,12/08/2015,2172
test1,13/08/2015,2020
test1,14/08/2015,1896
test1,15/08/2015,2000
test1,16/08/2015,2139
test1,17/08/2015,2115
test1,18/08/2015,2214
test1,19/08/2015,2150
test1,20/08/2015,2205
test1,21/08/2015,2216
test1,22/08/2015,2149
test1,23/08/2015,2099
test1,24/08/2015,2175
test1,25/08/2015,2304
test1,27/08/2015,2277
test1,28/08/2015,2428
test1,29/08/2015,2506
test1,30/08/2015,2505
test1,31/08/2015,2247
test1,01/09/2015,2329
test1,02/09/2015,2463
test1,03/09/2015,2264
test1,04/09/2015,2344
test1,05/09/2015,2522
test1,06/09/2015,2573
test1,07/09/2015,2419
test1,08/09/2015,2413
test1,09/09/2015,2529
test1,10/09/2015,2651
test1,11/09/2015,2788
test1,12/09/2015,2420
test1,13/09/2015,2784
test1,14/09/2015,2614
test1,15/09/2015,2590
test1,16/09/2015,2857
test1,17/09/2015,2903
test1,18/09/2015,2684
test1,19/09/2015,2729
test1,20/09/2015,2880
test1,21/09/2015,2978
test1,22/09/2015,2870
test1,23/09/2015,3023
test1,24/09/2015,2897
test1,25/09/2015,2919
test1,26/09/2015,2790
test2,26/07/2015,1
test2,27/07/2015,0
test2,28/07/2015,3
test2,29/07/2015,0
test2,30/07/2015,0
test2,31/07/2015,2
test2,01/08/2015,0
test2,02/08/2015,2
test2,03/08/2015,1
test2,04/08/2015,0
test2,05/08/2015,1
test2,06/08/2015,1
test2,07/08/2015,0
test2,08/08/2015,1
test2,09/08/2015,0
test2,10/08/2015,0
test2,11/08/2015,0
test2,12/08/2015,3
test2,13/08/2015,2
test2,14/08/2015,0
test2,15/08/2015,1
test2,16/08/2015,1
test2,17/08/2015,1
test2,18/08/2015,0
test2,19/08/2015,0
test2,20/08/2015,1
test2,21/08/2015,0
test2,22/08/2015,1
test2,23/08/2015,0
test2,24/08/2015,0
test2,25/08/2015,0
test2,27/08/2015,1
test2,28/08/2015,0
test2,29/08/2015,0
test2,30/08/2015,1
test2,31/08/2015,0
test2,01/09/2015,2
test2,02/09/2015,0
test2,03/09/2015,0
test2,04/09/2015,0
test2,05/09/2015,1
test2,06/09/2015,2
test2,07/09/2015,0
test2,08/09/2015,1
test2,09/09/2015,1
test2,10/09/2015,2
test2,11/09/2015,0
test2,12/09/2015,0
test2,13/09/2015,1
test2,14/09/2015,0
test2,15/09/2015,1
test2,16/09/2015,2
test2,17/09/2015,2
test2,18/09/2015,0
test2,19/09/2015,0
test2,20/09/2015,2
test2,21/09/2015,1
test2,22/09/2015,0
test2,23/09/2015,1
test2,24/09/2015,0
test2,25/09/2015,0
test2,26/09/2015,2
test3,26/07/2015,0
test3,27/07/2015,1
test3,28/07/2015,0
test3,29/07/2015,2
test3,30/07/2015,1
test3,31/07/2015,1
test3,01/08/2015,1
test3,02/08/2015,1
test3,03/08/2015,0
test3,04/08/2015,1
test3,05/08/2015,2
test3,06/08/2015,1
test3,07/08/2015,0
test3,08/08/2015,1
test3,09/08/2015,3
test3,10/08/2015,1
test3,11/08/2015,2
test3,12/08/2015,0
test3,13/08/2015,0
test3,14/08/2015,2
test3,15/08/2015,0
test3,16/08/2015,1
test3,17/08/2015,0
test3,18/08/2015,3
test3,19/08/2015,1
test3,20/08/2015,4
test3,21/08/2015,1
test3,22/08/2015,1
test3,23/08/2015,2
test3,24/08/2015,0
test3,25/08/2015,1
test3,27/08/2015,1
test3,28/08/2015,1
test3,29/08/2015,2
test3,30/08/2015,4
test3,31/08/2015,0
test3,01/09/2015,1
test3,02/09/2015,0
test3,03/09/2015,4
test3,04/09/2015,1
test3,05/09/2015,3
test3,06/09/2015,2
test3,07/09/2015,3
test3,08/09/2015,1
test3,09/09/2015,1
test3,10/09/2015,2
test3,11/09/2015,1
test3,12/09/2015,1
test3,13/09/2015,0
test3,14/09/2015,3
test3,15/09/2015,0
test3,16/09/2015,1
test3,17/09/2015,1
test3,18/09/2015,3
test3,19/09/2015,5
test3,20/09/2015,1
test3,21/09/2015,0
test3,22/09/2015,0
test3,23/09/2015,3
test3,24/09/2015,1
test3,25/09/2015,0
test3,26/09/2015,0
test4,26/07/2015,3
test4,27/07/2015,3
test4,28/07/2015,3
test4,29/07/2015,3
test4,30/07/2015,3
test4,31/07/2015,3
test4,01/08/2015,4
test4,02/08/2015,3
test4,03/08/2015,3
test4,04/08/2015,3
test4,05/08/2015,4
test4,06/08/2015,4
test4,07/08/2015,5
test4,08/08/2015,4
test4,09/08/2015,4
test4,10/08/2015,3
test4,11/08/2015,4
test4,12/08/2015,4
test4,13/08/2015,3
test4,14/08/2015,4
test4,15/08/2015,4
test4,16/08/2015,6
test4,17/08/2015,5
test4,18/08/2015,6
test4,19/08/2015,5
test4,20/08/2015,3
test4,21/08/2015,5
test4,22/08/2015,5
test4,23/08/2015,6
test4,24/08/2015,5
test4,25/08/2015,4
test4,27/08/2015,4
test4,28/08/2015,5
test4,29/08/2015,4
test4,30/08/2015,7
test4,31/08/2015,4
test4,01/09/2015,8
test4,02/09/2015,7
test4,03/09/2015,7
test4,04/09/2015,9
test4,05/09/2015,3
test4,06/09/2015,5
test4,07/09/2015,6
test4,08/09/2015,8
test4,09/09/2015,5
test4,10/09/2015,7
test4,11/09/2015,10
test4,12/09/2015,3
test4,13/09/2015,6
test4,14/09/2015,5
test4,15/09/2015,6
test4,16/09/2015,11
test4,17/09/2015,5
test4,18/09/2015,3
test4,19/09/2015,4
test4,20/09/2015,10
test4,21/09/2015,3
test4,22/09/2015,12
test4,23/09/2015,10
test4,24/09/2015,7
test4,25/09/2015,8
test4,26/09/2015,11
