"checkins","2015-07-26","0"
"checkins","2015-07-27","0"
"checkins","2015-07-28","0"
"checkins","2015-07-29","0"
"checkins","2015-07-30","0"
"checkins","2015-07-31","0"
"checkins","2015-08-01","0"
"checkins","2015-08-02","0"
"checkins","2015-08-03","0"
"checkins","2015-08-04","0"
"checkins","2015-08-05","0"
"checkins","2015-08-06","0"
"checkins","2015-08-07","0"
"checkins","2015-08-08","0"
"checkins","2015-08-09","0"
"checkins","2015-08-10","0"
"checkins","2015-08-11","0"
"checkins","2015-08-12","0"
"checkins","2015-08-13","0"
"checkins","2015-08-14","0"
"checkins","2015-08-15","0"
"checkins","2015-08-16","0"
"checkins","2015-08-17","0"
"checkins","2015-08-18","0"
"checkins","2015-08-19","0"
"checkins","2015-08-20","0"
"checkins","2015-08-21","0"
"checkins","2015-08-22","0"
"checkins","2015-08-23","0"
"checkins","2015-08-24","0"
"checkins","2015-08-25","0"
"checkins","2015-08-27","0"
"checkins","2015-08-28","0"
"checkins","2015-08-29","0"
"checkins","2015-08-30","0"
"checkins","2015-08-31","0"
"checkins","2015-09-01","0"
"checkins","2015-09-02","0"
"checkins","2015-09-03","0"
"checkins","2015-09-04","0"
"checkins","2015-09-05","0"
"checkins","2015-09-06","0"
"checkins","2015-09-07","0"
"checkins","2015-09-08","0"
"checkins","2015-09-09","0"
"checkins","2015-09-10","0"
"checkins","2015-09-11","0"
"checkins","2015-09-12","0"
"checkins","2015-09-13","0"
"checkins","2015-09-14","0"
"checkins","2015-09-15","0"
"checkins","2015-09-16","0"
"checkins","2015-09-17","0"
"checkins","2015-09-18","0"
"checkins","2015-09-19","0"
"checkins","2015-09-20","0"
"checkins","2015-09-21","0"
"checkins","2015-09-22","0"
"checkins","2015-09-23","0"
"checkins","2015-09-24","0"
"checkins","2015-09-25","0"
"checkins","2015-09-26","0"
"distracting_min","2015-07-26","55"
"distracting_min","2015-07-27","128"
"distracting_min","2015-07-28","169"
"distracting_min","2015-07-29","110"
"distracting_min","2015-07-30","124"
"distracting_min","2015-07-31","11"
"distracting_min","2015-08-01","30"
"distracting_min","2015-08-02","73"
"distracting_min","2015-08-03","60"
"distracting_min","2015-08-04","137"
"distracting_min","2015-08-05","130"
"distracting_min","2015-08-06","177"
"distracting_min","2015-08-07","132"
"distracting_min","2015-08-08","51"
"distracting_min","2015-08-09","110"
"distracting_min","2015-08-10","78"
"distracting_min","2015-08-11","109"
"distracting_min","2015-08-12","66"
"distracting_min","2015-08-13","53"
"distracting_min","2015-08-14","90"
"distracting_min","2015-08-15","78"
"distracting_min","2015-08-16","321"
"distracting_min","2015-08-17","177"
"distracting_min","2015-08-18","72"
"distracting_min","2015-08-19","145"
"distracting_min","2015-08-20","91"
"distracting_min","2015-08-21","65"
"distracting_min","2015-08-22","283"
"distracting_min","2015-08-23","278"
"distracting_min","2015-08-24","154"
"distracting_min","2015-08-25","1"
"distracting_min","2015-08-27","15"
"distracting_min","2015-08-28","16"
"distracting_min","2015-08-29","101"
"distracting_min","2015-08-30","151"
"distracting_min","2015-08-31","60"
"distracting_min","2015-09-01","343"
"distracting_min","2015-09-02","41"
"distracting_min","2015-09-03","45"
"distracting_min","2015-09-04","47"
"distracting_min","2015-09-05","229"
"distracting_min","2015-09-06","283"
"distracting_min","2015-09-07","60"
"distracting_min","2015-09-08","57"
"distracting_min","2015-09-09","107"
"distracting_min","2015-09-10","168"
"distracting_min","2015-09-11","273"
"distracting_min","2015-09-12","23"
"distracting_min","2015-09-13","208"
"distracting_min","2015-09-14","150"
"distracting_min","2015-09-15","156"
"distracting_min","2015-09-16","90"
"distracting_min","2015-09-17","107"
"distracting_min","2015-09-18","113"
"distracting_min","2015-09-19","77"
"distracting_min","2015-09-20","41"
"distracting_min","2015-09-21","97"
"distracting_min","2015-09-22","132"
"distracting_min","2015-09-23","101"
"distracting_min","2015-09-24","22"
"distracting_min","2015-09-25","34"
"distracting_min","2015-09-26","88"
"events","2015-07-26","0"
"events","2015-07-27","0"
"events","2015-07-28","0"
"events","2015-07-29","0"
"events","2015-07-30","0"
"events","2015-07-31","0"
"events","2015-08-01","0"
"events","2015-08-02","0"
"events","2015-08-03","0"
"events","2015-08-04","0"
"events","2015-08-05","1"
"events","2015-08-06","0"
"events","2015-08-07","0"
"events","2015-08-08","0"
"events","2015-08-09","0"
"events","2015-08-10","1"
"events","2015-08-11","0"
"events","2015-08-12","0"
"events","2015-08-13","1"
"events","2015-08-14","0"
"events","2015-08-15","0"
"events","2015-08-16","0"
"events","2015-08-17","0"
"events","2015-08-18","0"
"events","2015-08-19","0"
"events","2015-08-20","0"
"events","2015-08-21","0"
"events","2015-08-22","0"
"events","2015-08-23","0"
"events","2015-08-24","0"
"events","2015-08-25","0"
"events","2015-08-27","0"
"events","2015-08-28","0"
"events","2015-08-29","0"
"events","2015-08-30","0"
"events","2015-08-31","0"
"events","2015-09-01","0"
"events","2015-09-02","1"
"events","2015-09-03","0"
"events","2015-09-04","0"
"events","2015-09-05","0"
"events","2015-09-06","0"
"events","2015-09-07","0"
"events","2015-09-08","0"
"events","2015-09-09","0"
"events","2015-09-10","0"
"events","2015-09-11","0"
"events","2015-09-12","0"
"events","2015-09-13","0"
"events","2015-09-14","0"
"events","2015-09-15","0"
"events","2015-09-16","0"
"events","2015-09-17","2"
"events","2015-09-18","0"
"events","2015-09-19","0"
"events","2015-09-20","0"
"events","2015-09-21","0"
"events","2015-09-22","0"
"events","2015-09-23","0"
"events","2015-09-24","0"
"events","2015-09-25","0"
"events","2015-09-26","0"
"events_duration","2015-07-26","0"
"events_duration","2015-07-27","0"
"events_duration","2015-07-28","0"
"events_duration","2015-07-29","0"
"events_duration","2015-07-30","0"
"events_duration","2015-07-31","0"
"events_duration","2015-08-01","0"
"events_duration","2015-08-02","0"
"events_duration","2015-08-03","0"
"events_duration","2015-08-04","0"
"events_duration","2015-08-05","60"
"events_duration","2015-08-06","0"
"events_duration","2015-08-07","0"
"events_duration","2015-08-08","0"
"events_duration","2015-08-09","0"
"events_duration","2015-08-10","60"
"events_duration","2015-08-11","0"
"events_duration","2015-08-12","0"
"events_duration","2015-08-13","60"
"events_duration","2015-08-14","0"
"events_duration","2015-08-15","0"
"events_duration","2015-08-16","0"
"events_duration","2015-08-17","0"
"events_duration","2015-08-18","0"
"events_duration","2015-08-19","0"
"events_duration","2015-08-20","0"
"events_duration","2015-08-21","0"
"events_duration","2015-08-22","0"
"events_duration","2015-08-23","0"
"events_duration","2015-08-24","0"
"events_duration","2015-08-25","0"
"events_duration","2015-08-27","0"
"events_duration","2015-08-28","0"
"events_duration","2015-08-29","0"
"events_duration","2015-08-30","0"
"events_duration","2015-08-31","0"
"events_duration","2015-09-01","0"
"events_duration","2015-09-02","60"
"events_duration","2015-09-03","0"
"events_duration","2015-09-04","0"
"events_duration","2015-09-05","0"
"events_duration","2015-09-06","0"
"events_duration","2015-09-07","0"
"events_duration","2015-09-08","0"
"events_duration","2015-09-09","0"
"events_duration","2015-09-10","0"
"events_duration","2015-09-11","0"
"events_duration","2015-09-12","0"
"events_duration","2015-09-13","0"
"events_duration","2015-09-14","0"
"events_duration","2015-09-15","0"
"events_duration","2015-09-16","0"
"events_duration","2015-09-17","120"
"events_duration","2015-09-18","0"
"events_duration","2015-09-19","0"
"events_duration","2015-09-20","0"
"events_duration","2015-09-21","0"
"events_duration","2015-09-22","0"
"events_duration","2015-09-23","0"
"events_duration","2015-09-24","0"
"events_duration","2015-09-25","0"
"events_duration","2015-09-26","0"
"floors_goal","2015-07-26","10"
"floors_goal","2015-07-27","10"
"floors_goal","2015-07-28","10"
"floors_goal","2015-07-29","10"
"floors_goal","2015-07-30","10"
"floors_goal","2015-07-31","10"
"floors_goal","2015-08-01","10"
"floors_goal","2015-08-02","10"
"floors_goal","2015-08-03","10"
"floors_goal","2015-08-04","10"
"floors_goal","2015-08-05","10"
"floors_goal","2015-08-06","10"
"floors_goal","2015-08-07","10"
"floors_goal","2015-08-08","10"
"floors_goal","2015-08-09","10"
"floors_goal","2015-08-10","10"
"floors_goal","2015-08-11","10"
"floors_goal","2015-08-12","10"
"floors_goal","2015-08-13","10"
"floors_goal","2015-08-14","10"
"floors_goal","2015-08-15","10"
"floors_goal","2015-08-16","10"
"floors_goal","2015-08-17","10"
"floors_goal","2015-08-18","10"
"floors_goal","2015-08-19","10"
"floors_goal","2015-08-20","10"
"floors_goal","2015-08-21","10"
"floors_goal","2015-08-22","10"
"floors_goal","2015-08-23","10"
"floors_goal","2015-08-24","10"
"floors_goal","2015-08-25","10"
"floors_goal","2015-08-27","10"
"floors_goal","2015-08-28","10"
"floors_goal","2015-08-29","10"
"floors_goal","2015-08-30","10"
"floors_goal","2015-08-31","10"
"floors_goal","2015-09-01","10"
"floors_goal","2015-09-02","10"
"floors_goal","2015-09-03","10"
"floors_goal","2015-09-04","10"
"floors_goal","2015-09-05","10"
"floors_goal","2015-09-06","10"
"floors_goal","2015-09-07","10"
"floors_goal","2015-09-08","10"
"floors_goal","2015-09-09","10"
"floors_goal","2015-09-10","10"
"floors_goal","2015-09-11","10"
"floors_goal","2015-09-12","10"
"floors_goal","2015-09-13","10"
"floors_goal","2015-09-14","10"
"floors_goal","2015-09-15","10"
"floors_goal","2015-09-16","10"
"floors_goal","2015-09-17","10"
"floors_goal","2015-09-18","10"
"floors_goal","2015-09-19","10"
"floors_goal","2015-09-20","10"
"floors_goal","2015-09-21","10"
"floors_goal","2015-09-22","10"
"floors_goal","2015-09-23","10"
"floors_goal","2015-09-24","10"
"floors_goal","2015-09-25","10"
"floors_goal","2015-09-26","10"
"location","2015-07-26","51.3781694699,-2.32753515244"
"location","2015-07-27","51.3781694699,-2.32753515244"
"location","2015-07-28","51.3781694699,-2.32753515244"
"location","2015-07-29","51.3781694699,-2.32753515244"
"location","2015-07-30","51.3781694699,-2.32753515244"
"location","2015-07-31","51.3781694699,-2.32753515244"
"location","2015-08-01","51.3781694699,-2.32753515244"
"location","2015-08-02","51.3781694699,-2.32753515244"
"location","2015-08-03","51.3781694699,-2.32753515244"
"location","2015-08-04","51.3781694699,-2.32753515244"
"location","2015-08-05","51.3781694699,-2.32753515244"
"location","2015-08-06","51.3781694699,-2.32753515244"
"location","2015-08-07","51.3781694699,-2.32753515244"
"location","2015-08-08","51.3781694699,-2.32753515244"
"location","2015-08-09","51.3781694699,-2.32753515244"
"location","2015-08-10","51.3781694699,-2.32753515244"
"location","2015-08-11","51.3781694699,-2.32753515244"
"location","2015-08-12","51.3781694699,-2.32753515244"
"location","2015-08-13","51.3781694699,-2.32753515244"
"location","2015-08-14","51.3781694699,-2.32753515244"
"location","2015-08-15","51.3781694699,-2.32753515244"
"location","2015-08-16","51.3781694699,-2.32753515244"
"location","2015-08-17","51.3781694699,-2.32753515244"
"location","2015-08-18","51.3781694699,-2.32753515244"
"location","2015-08-19","51.3781694699,-2.32753515244"
"location","2015-08-20","51.3781694699,-2.32753515244"
"location","2015-08-21","51.3781694699,-2.32753515244"
"location","2015-08-22","51.3781694699,-2.32753515244"
"location","2015-08-23","51.3781694699,-2.32753515244"
"location","2015-08-24","51.3781694699,-2.32753515244"
"location","2015-08-25","51.3781694699,-2.32753515244"
"location","2015-08-27","51.3781694699,-2.32753515244"
"location","2015-08-28","51.3781694699,-2.32753515244"
"location","2015-08-29","51.3781694699,-2.32753515244"
"location","2015-08-30","51.3781694699,-2.32753515244"
"location","2015-08-31","51.3781694699,-2.32753515244"
"location","2015-09-01","51.3781694699,-2.32753515244"
"location","2015-09-02","51.3781694699,-2.32753515244"
"location","2015-09-03","51.3781694699,-2.32753515244"
"location","2015-09-04","51.3781694699,-2.32753515244"
"location","2015-09-05","51.3781694699,-2.32753515244"
"location","2015-09-06","51.3781694699,-2.32753515244"
"location","2015-09-07","51.3781694699,-2.32753515244"
"location","2015-09-08","51.3781694699,-2.32753515244"
"location","2015-09-09","51.3781694699,-2.32753515244"
"location","2015-09-10","51.3781694699,-2.32753515244"
"location","2015-09-11","51.3781694699,-2.32753515244"
"location","2015-09-12","51.3781694699,-2.32753515244"
"location","2015-09-13","51.3781694699,-2.32753515244"
"location","2015-09-14","51.3781694699,-2.32753515244"
"location","2015-09-15","51.3781694699,-2.32753515244"
"location","2015-09-16","51.3781694699,-2.32753515244"
"location","2015-09-17","51.3781694699,-2.32753515244"
"location","2015-09-18","51.3781694699,-2.32753515244"
"location","2015-09-19","51.3781694699,-2.32753515244"
"location","2015-09-20","51.3781694699,-2.32753515244"
"location","2015-09-21","51.3781694699,-2.32753515244"
"location","2015-09-22","51.3781694699,-2.32753515244"
"location","2015-09-23","51.3781694699,-2.32753515244"
"location","2015-09-24","51.3781694699,-2.32753515244"
"location","2015-09-25","51.3781694699,-2.32753515244"
"location","2015-09-26","51.3781694699,-2.32753515244"
"mood","2015-07-26","4"
"mood","2015-07-27","3"
"mood","2015-07-28","4"
"mood","2015-07-29","3"
"mood","2015-07-30","4"
"mood","2015-07-31","None"
"mood","2015-08-01","4"
"mood","2015-08-02","4"
"mood","2015-08-03","4"
"mood","2015-08-04","4"
"mood","2015-08-05","4"
"mood","2015-08-06","4"
"mood","2015-08-07","4"
"mood","2015-08-08","4"
"mood","2015-08-09","3"
"mood","2015-08-10","4"
"mood","2015-08-11","4"
"mood","2015-08-12","3"
"mood","2015-08-13","4"
"mood","2015-08-14","4"
"mood","2015-08-15","4"
"mood","2015-08-16","4"
"mood","2015-08-17","5"
"mood","2015-08-18","3"
"mood","2015-08-19","4"
"mood","2015-08-20","4"
"mood","2015-08-21","None"
"mood","2015-08-22","4"
"mood","2015-08-23","4"
"mood","2015-08-24","4"
"mood","2015-08-25","None"
"mood","2015-08-27","4"
"mood","2015-08-28","4"
"mood","2015-08-29","4"
"mood","2015-08-30","None"
"mood","2015-08-31","3"
"mood","2015-09-01","4"
"mood","2015-09-02","4"
"mood","2015-09-03","4"
"mood","2015-09-04","4"
"mood","2015-09-05","4"
"mood","2015-09-06","4"
"mood","2015-09-07","4"
"mood","2015-09-08","4"
"mood","2015-09-09","4"
"mood","2015-09-10","4"
"mood","2015-09-11","5"
"mood","2015-09-12","2"
"mood","2015-09-13","3"
"mood","2015-09-14","4"
"mood","2015-09-15","4"
"mood","2015-09-16","4"
"mood","2015-09-17","4"
"mood","2015-09-18","None"
"mood","2015-09-19","None"
"mood","2015-09-20","None"
"mood","2015-09-21","None"
"mood","2015-09-22","None"
"mood","2015-09-23","None"
"mood","2015-09-24","None"
"mood","2015-09-25","None"
"mood","2015-09-26","None"
"mood_note","2015-07-26","None"
"mood_note","2015-07-27","Work stress, but True Detective"
"mood_note","2015-07-28","None"
"mood_note","2015-07-29","None"
"mood_note","2015-07-30","Day off"
"mood_note","2015-07-31","None"
"mood_note","2015-08-01","None"
"mood_note","2015-08-02","I played games all weekend. Oops"
"mood_note","2015-08-03","Swimming"
"mood_note","2015-08-04","None"
"mood_note","2015-08-05","None"
"mood_note","2015-08-06","Swimming"
"mood_note","2015-08-07","None"
"mood_note","2015-08-08","None"
"mood_note","2015-08-09","None"
"mood_note","2015-08-10","None"
"mood_note","2015-08-11","Work and swimming "
"mood_note","2015-08-12","None"
"mood_note","2015-08-13","None"
"mood_note","2015-08-14","None"
"mood_note","2015-08-15","None"
"mood_note","2015-08-16","None"
"mood_note","2015-08-17","None"
"mood_note","2015-08-18","None"
"mood_note","2015-08-19","None"
"mood_note","2015-08-20","None"
"mood_note","2015-08-21","None"
"mood_note","2015-08-22","Finally beat that fucking LOTR quest we were stuck on"
"mood_note","2015-08-23","Good weekend"
"mood_note","2015-08-24","Swimming"
"mood_note","2015-08-25","None"
"mood_note","2015-08-27","None"
"mood_note","2015-08-28","None"
"mood_note","2015-08-29","Didnt do much at all today"
"mood_note","2015-08-30","None"
"mood_note","2015-08-31","None"
"mood_note","2015-09-01","None"
"mood_note","2015-09-02","None"
"mood_note","2015-09-03","None"
"mood_note","2015-09-04","None"
"mood_note","2015-09-05","None"
"mood_note","2015-09-06","None"
"mood_note","2015-09-07","None"
"mood_note","2015-09-08","None"
"mood_note","2015-09-09","None"
"mood_note","2015-09-10","None"
"mood_note","2015-09-11","Excited for tomorrow"
"mood_note","2015-09-12","None"
"mood_note","2015-09-13","None"
"mood_note","2015-09-14","None"
"mood_note","2015-09-15","None"
"mood_note","2015-09-16","None"
"mood_note","2015-09-17","But tired"
"mood_note","2015-09-18","None"
"mood_note","2015-09-19","None"
"mood_note","2015-09-20","None"
"mood_note","2015-09-21","None"
"mood_note","2015-09-22","None"
"mood_note","2015-09-23","None"
"mood_note","2015-09-24","None"
"mood_note","2015-09-25","None"
"mood_note","2015-09-26","None"
"neutral_min","2015-07-26","20"
"neutral_min","2015-07-27","61"
"neutral_min","2015-07-28","118"
"neutral_min","2015-07-29","53"
"neutral_min","2015-07-30","28"
"neutral_min","2015-07-31","1"
"neutral_min","2015-08-01","452"
"neutral_min","2015-08-02","252"
"neutral_min","2015-08-03","115"
"neutral_min","2015-08-04","169"
"neutral_min","2015-08-05","95"
"neutral_min","2015-08-06","249"
"neutral_min","2015-08-07","103"
"neutral_min","2015-08-08","101"
"neutral_min","2015-08-09","250"
"neutral_min","2015-08-10","57"
"neutral_min","2015-08-11","64"
"neutral_min","2015-08-12","82"
"neutral_min","2015-08-13","76"
"neutral_min","2015-08-14","72"
"neutral_min","2015-08-15","9"
"neutral_min","2015-08-16","22"
"neutral_min","2015-08-17","147"
"neutral_min","2015-08-18","95"
"neutral_min","2015-08-19","109"
"neutral_min","2015-08-20","132"
"neutral_min","2015-08-21","126"
"neutral_min","2015-08-22","37"
"neutral_min","2015-08-23","180"
"neutral_min","2015-08-24","100"
"neutral_min","2015-08-25","None"
"neutral_min","2015-08-27","59"
"neutral_min","2015-08-28","87"
"neutral_min","2015-08-29","389"
"neutral_min","2015-08-30","148"
"neutral_min","2015-08-31","109"
"neutral_min","2015-09-01","46"
"neutral_min","2015-09-02","47"
"neutral_min","2015-09-03","48"
"neutral_min","2015-09-04","51"
"neutral_min","2015-09-05","130"
"neutral_min","2015-09-06","223"
"neutral_min","2015-09-07","53"
"neutral_min","2015-09-08","50"
"neutral_min","2015-09-09","41"
"neutral_min","2015-09-10","22"
"neutral_min","2015-09-11","14"
"neutral_min","2015-09-12","8"
"neutral_min","2015-09-13","67"
"neutral_min","2015-09-14","67"
"neutral_min","2015-09-15","98"
"neutral_min","2015-09-16","73"
"neutral_min","2015-09-17","60"
"neutral_min","2015-09-18","35"
"neutral_min","2015-09-19","29"
"neutral_min","2015-09-20","16"
"neutral_min","2015-09-21","43"
"neutral_min","2015-09-22","71"
"neutral_min","2015-09-23","69"
"neutral_min","2015-09-24","30"
"neutral_min","2015-09-25","79"
"neutral_min","2015-09-26","35"
"productive_min","2015-07-26","7"
"productive_min","2015-07-27","309"
"productive_min","2015-07-28","269"
"productive_min","2015-07-29","162"
"productive_min","2015-07-30","23"
"productive_min","2015-07-31","None"
"productive_min","2015-08-01","4"
"productive_min","2015-08-02","None"
"productive_min","2015-08-03","3"
"productive_min","2015-08-04","6"
"productive_min","2015-08-05","17"
"productive_min","2015-08-06","11"
"productive_min","2015-08-07","8"
"productive_min","2015-08-08","4"
"productive_min","2015-08-09","19"
"productive_min","2015-08-10","44"
"productive_min","2015-08-11","297"
"productive_min","2015-08-12","257"
"productive_min","2015-08-13","39"
"productive_min","2015-08-14","22"
"productive_min","2015-08-15","3"
"productive_min","2015-08-16","17"
"productive_min","2015-08-17","108"
"productive_min","2015-08-18","123"
"productive_min","2015-08-19","157"
"productive_min","2015-08-20","125"
"productive_min","2015-08-21","150"
"productive_min","2015-08-22","12"
"productive_min","2015-08-23","6"
"productive_min","2015-08-24","126"
"productive_min","2015-08-25","None"
"productive_min","2015-08-27","18"
"productive_min","2015-08-28","45"
"productive_min","2015-08-29","3"
"productive_min","2015-08-30","37"
"productive_min","2015-08-31","123"
"productive_min","2015-09-01","73"
"productive_min","2015-09-02","163"
"productive_min","2015-09-03","215"
"productive_min","2015-09-04","261"
"productive_min","2015-09-05","121"
"productive_min","2015-09-06","135"
"productive_min","2015-09-07","459"
"productive_min","2015-09-08","302"
"productive_min","2015-09-09","299"
"productive_min","2015-09-10","232"
"productive_min","2015-09-11","149"
"productive_min","2015-09-12","None"
"productive_min","2015-09-13","206"
"productive_min","2015-09-14","322"
"productive_min","2015-09-15","214"
"productive_min","2015-09-16","384"
"productive_min","2015-09-17","209"
"productive_min","2015-09-18","116"
"productive_min","2015-09-19","7"
"productive_min","2015-09-20","129"
"productive_min","2015-09-21","251"
"productive_min","2015-09-22","439"
"productive_min","2015-09-23","461"
"productive_min","2015-09-24","47"
"productive_min","2015-09-25","372"
"productive_min","2015-09-26","145"
"productive_min_goal","2015-07-26","21"
"productive_min_goal","2015-07-27","318"
"productive_min_goal","2015-07-28","232"
"productive_min_goal","2015-07-29","262"
"productive_min_goal","2015-07-30","230"
"productive_min_goal","2015-07-31","136"
"productive_min_goal","2015-08-01","4"
"productive_min_goal","2015-08-02","21"
"productive_min_goal","2015-08-03","318"
"productive_min_goal","2015-08-04","269"
"productive_min_goal","2015-08-05","198"
"productive_min_goal","2015-08-06","191"
"productive_min_goal","2015-08-07","136"
"productive_min_goal","2015-08-08","4"
"productive_min_goal","2015-08-09","21"
"productive_min_goal","2015-08-10","309"
"productive_min_goal","2015-08-11","232"
"productive_min_goal","2015-08-12","198"
"productive_min_goal","2015-08-13","191"
"productive_min_goal","2015-08-14","136"
"productive_min_goal","2015-08-15","4"
"productive_min_goal","2015-08-16","19"
"productive_min_goal","2015-08-17","309"
"productive_min_goal","2015-08-18","269"
"productive_min_goal","2015-08-19","198"
"productive_min_goal","2015-08-20","76"
"productive_min_goal","2015-08-21","91"
"productive_min_goal","2015-08-22","4"
"productive_min_goal","2015-08-23","19"
"productive_min_goal","2015-08-24","299"
"productive_min_goal","2015-08-25","232"
"productive_min_goal","2015-08-27","125"
"productive_min_goal","2015-08-28","136"
"productive_min_goal","2015-08-29","4"
"productive_min_goal","2015-08-30","17"
"productive_min_goal","2015-08-31","299"
"productive_min_goal","2015-09-01","232"
"productive_min_goal","2015-09-02","162"
"productive_min_goal","2015-09-03","76"
"productive_min_goal","2015-09-04","91"
"productive_min_goal","2015-09-05","4"
"productive_min_goal","2015-09-06","19"
"productive_min_goal","2015-09-07","126"
"productive_min_goal","2015-09-08","229"
"productive_min_goal","2015-09-09","163"
"productive_min_goal","2015-09-10","125"
"productive_min_goal","2015-09-11","136"
"productive_min_goal","2015-09-12","4"
"productive_min_goal","2015-09-13","19"
"productive_min_goal","2015-09-14","299"
"productive_min_goal","2015-09-15","232"
"productive_min_goal","2015-09-16","163"
"productive_min_goal","2015-09-17","125"
"productive_min_goal","2015-09-18","136"
"productive_min_goal","2015-09-19","4"
"productive_min_goal","2015-09-20","21"
"productive_min_goal","2015-09-21","299"
"productive_min_goal","2015-09-22","229"
"productive_min_goal","2015-09-23","198"
"productive_min_goal","2015-09-24","191"
"productive_min_goal","2015-09-25","136"
"productive_min_goal","2015-09-26","4"
"sleep","2015-07-26","None"
"sleep","2015-07-27","601"
"sleep","2015-07-28","540"
"sleep","2015-07-29","547"
"sleep","2015-07-30","518"
"sleep","2015-07-31","427"
"sleep","2015-08-01","242"
"sleep","2015-08-02","481"
"sleep","2015-08-03","None"
"sleep","2015-08-04","437"
"sleep","2015-08-05","429"
"sleep","2015-08-06","449"
"sleep","2015-08-07","438"
"sleep","2015-08-08","None"
"sleep","2015-08-09","366"
"sleep","2015-08-10","468"
"sleep","2015-08-11","500"
"sleep","2015-08-12","487"
"sleep","2015-08-13","394"
"sleep","2015-08-14","404"
"sleep","2015-08-15","None"
"sleep","2015-08-16","None"
"sleep","2015-08-17","None"
"sleep","2015-08-18","460"
"sleep","2015-08-19","608"
"sleep","2015-08-20","557"
"sleep","2015-08-21","585"
"sleep","2015-08-22","None"
"sleep","2015-08-23","612"
"sleep","2015-08-24","537"
"sleep","2015-08-25","None"
"sleep","2015-08-27","None"
"sleep","2015-08-28","None"
"sleep","2015-08-29","478"
"sleep","2015-08-30","649"
"sleep","2015-08-31","750"
"sleep","2015-09-01","None"
"sleep","2015-09-02","540"
"sleep","2015-09-03","520"
"sleep","2015-09-04","None"
"sleep","2015-09-05","None"
"sleep","2015-09-06","464"
"sleep","2015-09-07","584"
"sleep","2015-09-08","None"
"sleep","2015-09-09","None"
"sleep","2015-09-10","None"
"sleep","2015-09-11","696"
"sleep","2015-09-12","440"
"sleep","2015-09-13","None"
"sleep","2015-09-14","570"
"sleep","2015-09-15","601"
"sleep","2015-09-16","None"
"sleep","2015-09-17","554"
"sleep","2015-09-18","None"
"sleep","2015-09-19","782"
"sleep","2015-09-20","None"
"sleep","2015-09-21","None"
"sleep","2015-09-22","437"
"sleep","2015-09-23","None"
"sleep","2015-09-24","562"
"sleep","2015-09-25","None"
"sleep","2015-09-26","None"
"sleep_awakenings","2015-07-26","None"
"sleep_awakenings","2015-07-27","3"
"sleep_awakenings","2015-07-28","16"
"sleep_awakenings","2015-07-29","1"
"sleep_awakenings","2015-07-30","18"
"sleep_awakenings","2015-07-31","10"
"sleep_awakenings","2015-08-01","6"
"sleep_awakenings","2015-08-02","7"
"sleep_awakenings","2015-08-03","None"
"sleep_awakenings","2015-08-04","19"
"sleep_awakenings","2015-08-05","13"
"sleep_awakenings","2015-08-06","10"
"sleep_awakenings","2015-08-07","28"
"sleep_awakenings","2015-08-08","None"
"sleep_awakenings","2015-08-09","16"
"sleep_awakenings","2015-08-10","9"
"sleep_awakenings","2015-08-11","2"
"sleep_awakenings","2015-08-12","23"
"sleep_awakenings","2015-08-13","1"
"sleep_awakenings","2015-08-14","11"
"sleep_awakenings","2015-08-15","None"
"sleep_awakenings","2015-08-16","None"
"sleep_awakenings","2015-08-17","None"
"sleep_awakenings","2015-08-18","2"
"sleep_awakenings","2015-08-19","4"
"sleep_awakenings","2015-08-20","1"
"sleep_awakenings","2015-08-21","2"
"sleep_awakenings","2015-08-22","None"
"sleep_awakenings","2015-08-23","2"
"sleep_awakenings","2015-08-24","11"
"sleep_awakenings","2015-08-25","None"
"sleep_awakenings","2015-08-27","None"
"sleep_awakenings","2015-08-28","None"
"sleep_awakenings","2015-08-29","39"
"sleep_awakenings","2015-08-30","2"
"sleep_awakenings","2015-08-31","2"
"sleep_awakenings","2015-09-01","None"
"sleep_awakenings","2015-09-02","2"
"sleep_awakenings","2015-09-03","1"
"sleep_awakenings","2015-09-04","None"
"sleep_awakenings","2015-09-05","None"
"sleep_awakenings","2015-09-06","2"
"sleep_awakenings","2015-09-07","2"
"sleep_awakenings","2015-09-08","None"
"sleep_awakenings","2015-09-09","None"
"sleep_awakenings","2015-09-10","None"
"sleep_awakenings","2015-09-11","77"
"sleep_awakenings","2015-09-12","1"
"sleep_awakenings","2015-09-13","None"
"sleep_awakenings","2015-09-14","38"
"sleep_awakenings","2015-09-15","25"
"sleep_awakenings","2015-09-16","None"
"sleep_awakenings","2015-09-17","32"
"sleep_awakenings","2015-09-18","None"
"sleep_awakenings","2015-09-19","16"
"sleep_awakenings","2015-09-20","None"
"sleep_awakenings","2015-09-21","None"
"sleep_awakenings","2015-09-22","2"
"sleep_awakenings","2015-09-23","None"
"sleep_awakenings","2015-09-24","3"
"sleep_awakenings","2015-09-25","None"
"sleep_awakenings","2015-09-26","None"
"sleep_end","2015-07-26","None"
"sleep_end","2015-07-27","573"
"sleep_end","2015-07-28","570"
"sleep_end","2015-07-29","541"
"sleep_end","2015-07-30","603"
"sleep_end","2015-07-31","470"
"sleep_end","2015-08-01","488"
"sleep_end","2015-08-02","560"
"sleep_end","2015-08-03","None"
"sleep_end","2015-08-04","518"
"sleep_end","2015-08-05","512"
"sleep_end","2015-08-06","518"
"sleep_end","2015-08-07","568"
"sleep_end","2015-08-08","None"
"sleep_end","2015-08-09","453"
"sleep_end","2015-08-10","504"
"sleep_end","2015-08-11","503"
"sleep_end","2015-08-12","519"
"sleep_end","2015-08-13","525"
"sleep_end","2015-08-14","526"
"sleep_end","2015-08-15","None"
"sleep_end","2015-08-16","None"
"sleep_end","2015-08-17","None"
"sleep_end","2015-08-18","526"
"sleep_end","2015-08-19","691"
"sleep_end","2015-08-20","574"
"sleep_end","2015-08-21","591"
"sleep_end","2015-08-22","None"
"sleep_end","2015-08-23","706"
"sleep_end","2015-08-24","561"
"sleep_end","2015-08-25","None"
"sleep_end","2015-08-27","None"
"sleep_end","2015-08-28","None"
"sleep_end","2015-08-29","544"
"sleep_end","2015-08-30","628"
"sleep_end","2015-08-31","915"
"sleep_end","2015-09-01","None"
"sleep_end","2015-09-02","533"
"sleep_end","2015-09-03","544"
"sleep_end","2015-09-04","None"
"sleep_end","2015-09-05","None"
"sleep_end","2015-09-06","570"
"sleep_end","2015-09-07","560"
"sleep_end","2015-09-08","None"
"sleep_end","2015-09-09","None"
"sleep_end","2015-09-10","None"
"sleep_end","2015-09-11","983"
"sleep_end","2015-09-12","409"
"sleep_end","2015-09-13","None"
"sleep_end","2015-09-14","685"
"sleep_end","2015-09-15","637"
"sleep_end","2015-09-16","None"
"sleep_end","2015-09-17","690"
"sleep_end","2015-09-18","None"
"sleep_end","2015-09-19","823"
"sleep_end","2015-09-20","None"
"sleep_end","2015-09-21","None"
"sleep_end","2015-09-22","492"
"sleep_end","2015-09-23","None"
"sleep_end","2015-09-24","570"
"sleep_end","2015-09-25","None"
"sleep_end","2015-09-26","None"
"sleep_goal","2015-07-26","0"
"sleep_goal","2015-07-27","0"
"sleep_goal","2015-07-28","0"
"sleep_goal","2015-07-29","0"
"sleep_goal","2015-07-30","0"
"sleep_goal","2015-07-31","0"
"sleep_goal","2015-08-01","0"
"sleep_goal","2015-08-02","0"
"sleep_goal","2015-08-03","0"
"sleep_goal","2015-08-04","536"
"sleep_goal","2015-08-05","0"
"sleep_goal","2015-08-06","0"
"sleep_goal","2015-08-07","0"
"sleep_goal","2015-08-08","0"
"sleep_goal","2015-08-09","0"
"sleep_goal","2015-08-10","0"
"sleep_goal","2015-08-11","437"
"sleep_goal","2015-08-12","429"
"sleep_goal","2015-08-13","449"
"sleep_goal","2015-08-14","427"
"sleep_goal","2015-08-15","0"
"sleep_goal","2015-08-16","366"
"sleep_goal","2015-08-17","468"
"sleep_goal","2015-08-18","500"
"sleep_goal","2015-08-19","429"
"sleep_goal","2015-08-20","394"
"sleep_goal","2015-08-21","404"
"sleep_goal","2015-08-22","0"
"sleep_goal","2015-08-23","366"
"sleep_goal","2015-08-24","468"
"sleep_goal","2015-08-25","460"
"sleep_goal","2015-08-27","449"
"sleep_goal","2015-08-28","427"
"sleep_goal","2015-08-29","0"
"sleep_goal","2015-08-30","366"
"sleep_goal","2015-08-31","468"
"sleep_goal","2015-09-01","460"
"sleep_goal","2015-09-02","487"
"sleep_goal","2015-09-03","449"
"sleep_goal","2015-09-04","427"
"sleep_goal","2015-09-05","242"
"sleep_goal","2015-09-06","368"
"sleep_goal","2015-09-07","533"
"sleep_goal","2015-09-08","460"
"sleep_goal","2015-09-09","487"
"sleep_goal","2015-09-10","449"
"sleep_goal","2015-09-11","427"
"sleep_goal","2015-09-12","242"
"sleep_goal","2015-09-13","368"
"sleep_goal","2015-09-14","533"
"sleep_goal","2015-09-15","460"
"sleep_goal","2015-09-16","487"
"sleep_goal","2015-09-17","449"
"sleep_goal","2015-09-18","427"
"sleep_goal","2015-09-19","242"
"sleep_goal","2015-09-20","368"
"sleep_goal","2015-09-21","537"
"sleep_goal","2015-09-22","500"
"sleep_goal","2015-09-23","487"
"sleep_goal","2015-09-24","456"
"sleep_goal","2015-09-25","427"
"sleep_goal","2015-09-26","242"
"sleep_start","2015-07-26","None"
"sleep_start","2015-07-27","682"
"sleep_start","2015-07-28","715"
"sleep_start","2015-07-29","708"
"sleep_start","2015-07-30","754"
"sleep_start","2015-07-31","746"
"sleep_start","2015-08-01","931"
"sleep_start","2015-08-02","780"
"sleep_start","2015-08-03","None"
"sleep_start","2015-08-04","774"
"sleep_start","2015-08-05","748"
"sleep_start","2015-08-06","758"
"sleep_start","2015-08-07","786"
"sleep_start","2015-08-08","None"
"sleep_start","2015-08-09","759"
"sleep_start","2015-08-10","728"
"sleep_start","2015-08-11","717"
"sleep_start","2015-08-12","703"
"sleep_start","2015-08-13","845"
"sleep_start","2015-08-14","812"
"sleep_start","2015-08-15","None"
"sleep_start","2015-08-16","None"
"sleep_start","2015-08-17","None"
"sleep_start","2015-08-18","773"
"sleep_start","2015-08-19","792"
"sleep_start","2015-08-20","735"
"sleep_start","2015-08-21","720"
"sleep_start","2015-08-22","None"
"sleep_start","2015-08-23","808"
"sleep_start","2015-08-24","706"
"sleep_start","2015-08-25","None"
"sleep_start","2015-08-27","None"
"sleep_start","2015-08-28","None"
"sleep_start","2015-08-29","638"
"sleep_start","2015-08-30","692"
"sleep_start","2015-08-31","878"
"sleep_start","2015-09-01","None"
"sleep_start","2015-09-02","706"
"sleep_start","2015-09-03","738"
"sleep_start","2015-09-04","None"
"sleep_start","2015-09-05","None"
"sleep_start","2015-09-06","819"
"sleep_start","2015-09-07","690"
"sleep_start","2015-09-08","None"
"sleep_start","2015-09-09","None"
"sleep_start","2015-09-10","None"
"sleep_start","2015-09-11","749"
"sleep_start","2015-09-12","683"
"sleep_start","2015-09-13","None"
"sleep_start","2015-09-14","716"
"sleep_start","2015-09-15","665"
"sleep_start","2015-09-16","None"
"sleep_start","2015-09-17","752"
"sleep_start","2015-09-18","None"
"sleep_start","2015-09-19","582"
"sleep_start","2015-09-20","None"
"sleep_start","2015-09-21","None"
"sleep_start","2015-09-22","769"
"sleep_start","2015-09-23","None"
"sleep_start","2015-09-24","722"
"sleep_start","2015-09-25","None"
"sleep_start","2015-09-26","None"
"steps","2015-07-26","18304"
"steps","2015-07-27","3058"
"steps","2015-07-28","6661"
"steps","2015-07-29","6341"
"steps","2015-07-30","4175"
"steps","2015-07-31","6863"
"steps","2015-08-01","1802"
"steps","2015-08-02","2744"
"steps","2015-08-03","9311"
"steps","2015-08-04","7224"
"steps","2015-08-05","10550"
"steps","2015-08-06","7948"
"steps","2015-08-07","21985"
"steps","2015-08-08","15281"
"steps","2015-08-09","7744"
"steps","2015-08-10","6574"
"steps","2015-08-11","6633"
"steps","2015-08-12","6709"
"steps","2015-08-13","6659"
"steps","2015-08-14","26203"
"steps","2015-08-15","9983"
"steps","2015-08-16","9799"
"steps","2015-08-17","4344"
"steps","2015-08-18","9051"
"steps","2015-08-19","3362"
"steps","2015-08-20","5728"
"steps","2015-08-21","21098"
"steps","2015-08-22","7344"
"steps","2015-08-23","2700"
"steps","2015-08-24","4667"
"steps","2015-08-25","None"
"steps","2015-08-27","2084"
"steps","2015-08-28","25340"
"steps","2015-08-29","3350"
"steps","2015-08-30","3566"
"steps","2015-08-31","2192"
"steps","2015-09-01","5317"
"steps","2015-09-02","8977"
"steps","2015-09-03","6388"
"steps","2015-09-04","24283"
"steps","2015-09-05","2599"
"steps","2015-09-06","3795"
"steps","2015-09-07","5505"
"steps","2015-09-08","None"
"steps","2015-09-09","None"
"steps","2015-09-10","5290"
"steps","2015-09-11","8067"
"steps","2015-09-12","9305"
"steps","2015-09-13","18826"
"steps","2015-09-14","8033"
"steps","2015-09-15","5721"
"steps","2015-09-16","9019"
"steps","2015-09-17","9023"
"steps","2015-09-18","14653"
"steps","2015-09-19","9872"
"steps","2015-09-20","6661"
"steps","2015-09-21","9488"
"steps","2015-09-22","6361"
"steps","2015-09-23","8374"
"steps","2015-09-24","3968"
"steps","2015-09-25","6706"
"steps","2015-09-26","None"
"steps_active_min","2015-07-26","123"
"steps_active_min","2015-07-27","0"
"steps_active_min","2015-07-28","27"
"steps_active_min","2015-07-29","23"
"steps_active_min","2015-07-30","0"
"steps_active_min","2015-07-31","7"
"steps_active_min","2015-08-01","0"
"steps_active_min","2015-08-02","0"
"steps_active_min","2015-08-03","53"
"steps_active_min","2015-08-04","23"
"steps_active_min","2015-08-05","41"
"steps_active_min","2015-08-06","12"
"steps_active_min","2015-08-07","160"
"steps_active_min","2015-08-08","93"
"steps_active_min","2015-08-09","45"
"steps_active_min","2015-08-10","34"
"steps_active_min","2015-08-11","25"
"steps_active_min","2015-08-12","21"
"steps_active_min","2015-08-13","32"
"steps_active_min","2015-08-14","177"
"steps_active_min","2015-08-15","59"
"steps_active_min","2015-08-16","67"
"steps_active_min","2015-08-17","0"
"steps_active_min","2015-08-18","35"
"steps_active_min","2015-08-19","0"
"steps_active_min","2015-08-20","14"
"steps_active_min","2015-08-21","164"
"steps_active_min","2015-08-22","40"
"steps_active_min","2015-08-23","0"
"steps_active_min","2015-08-24","30"
"steps_active_min","2015-08-25","0"
"steps_active_min","2015-08-27","10"
"steps_active_min","2015-08-28","186"
"steps_active_min","2015-08-29","0"
"steps_active_min","2015-08-30","0"
"steps_active_min","2015-08-31","0"
"steps_active_min","2015-09-01","19"
"steps_active_min","2015-09-02","35"
"steps_active_min","2015-09-03","23"
"steps_active_min","2015-09-04","171"
"steps_active_min","2015-09-05","0"
"steps_active_min","2015-09-06","10"
"steps_active_min","2015-09-07","10"
"steps_active_min","2015-09-08","0"
"steps_active_min","2015-09-09","0"
"steps_active_min","2015-09-10","21"
"steps_active_min","2015-09-11","0"
"steps_active_min","2015-09-12","37"
"steps_active_min","2015-09-13","134"
"steps_active_min","2015-09-14","38"
"steps_active_min","2015-09-15","21"
"steps_active_min","2015-09-16","29"
"steps_active_min","2015-09-17","22"
"steps_active_min","2015-09-18","77"
"steps_active_min","2015-09-19","53"
"steps_active_min","2015-09-20","21"
"steps_active_min","2015-09-21","45"
"steps_active_min","2015-09-22","17"
"steps_active_min","2015-09-23","46"
"steps_active_min","2015-09-24","0"
"steps_active_min","2015-09-25","11"
"steps_active_min","2015-09-26","0"
"steps_distance","2015-07-26","12.47"
"steps_distance","2015-07-27","2.08"
"steps_distance","2015-07-28","4.54"
"steps_distance","2015-07-29","4.37"
"steps_distance","2015-07-30","2.87"
"steps_distance","2015-07-31","4.67"
"steps_distance","2015-08-01","1.23"
"steps_distance","2015-08-02","1.87"
"steps_distance","2015-08-03","6.38"
"steps_distance","2015-08-04","4.92"
"steps_distance","2015-08-05","7.18"
"steps_distance","2015-08-06","5.41"
"steps_distance","2015-08-07","15.0"
"steps_distance","2015-08-08","10.41"
"steps_distance","2015-08-09","5.27"
"steps_distance","2015-08-10","4.48"
"steps_distance","2015-08-11","4.52"
"steps_distance","2015-08-12","4.57"
"steps_distance","2015-08-13","4.53"
"steps_distance","2015-08-14","17.91"
"steps_distance","2015-08-15","6.8"
"steps_distance","2015-08-16","6.67"
"steps_distance","2015-08-17","2.96"
"steps_distance","2015-08-18","6.16"
"steps_distance","2015-08-19","2.29"
"steps_distance","2015-08-20","3.9"
"steps_distance","2015-08-21","14.42"
"steps_distance","2015-08-22","5.0"
"steps_distance","2015-08-23","1.84"
"steps_distance","2015-08-24","3.2"
"steps_distance","2015-08-25","0.0"
"steps_distance","2015-08-27","1.42"
"steps_distance","2015-08-28","17.44"
"steps_distance","2015-08-29","2.28"
"steps_distance","2015-08-30","2.43"
"steps_distance","2015-08-31","1.49"
"steps_distance","2015-09-01","3.62"
"steps_distance","2015-09-02","6.24"
"steps_distance","2015-09-03","4.44"
"steps_distance","2015-09-04","16.67"
"steps_distance","2015-09-05","1.77"
"steps_distance","2015-09-06","2.58"
"steps_distance","2015-09-07","3.84"
"steps_distance","2015-09-08","0.0"
"steps_distance","2015-09-09","0.0"
"steps_distance","2015-09-10","3.6"
"steps_distance","2015-09-11","5.61"
"steps_distance","2015-09-12","6.4"
"steps_distance","2015-09-13","12.82"
"steps_distance","2015-09-14","5.6"
"steps_distance","2015-09-15","3.9"
"steps_distance","2015-09-16","6.21"
"steps_distance","2015-09-17","6.19"
"steps_distance","2015-09-18","10.0"
"steps_distance","2015-09-19","6.75"
"steps_distance","2015-09-20","4.58"
"steps_distance","2015-09-21","6.64"
"steps_distance","2015-09-22","4.49"
"steps_distance","2015-09-23","5.75"
"steps_distance","2015-09-24","2.7"
"steps_distance","2015-09-25","4.61"
"steps_distance","2015-09-26","None"
"steps_goal","2015-07-26","0"
"steps_goal","2015-07-27","0"
"steps_goal","2015-07-28","0"
"steps_goal","2015-07-29","0"
"steps_goal","2015-07-30","0"
"steps_goal","2015-07-31","0"
"steps_goal","2015-08-01","0"
"steps_goal","2015-08-02","0"
"steps_goal","2015-08-03","0"
"steps_goal","2015-08-04","0"
"steps_goal","2015-08-05","0"
"steps_goal","2015-08-06","0"
"steps_goal","2015-08-07","0"
"steps_goal","2015-08-08","0"
"steps_goal","2015-08-09","0"
"steps_goal","2015-08-10","0"
"steps_goal","2015-08-11","0"
"steps_goal","2015-08-12","239"
"steps_goal","2015-08-13","0"
"steps_goal","2015-08-14","0"
"steps_goal","2015-08-15","1802"
"steps_goal","2015-08-16","0"
"steps_goal","2015-08-17","0"
"steps_goal","2015-08-18","0"
"steps_goal","2015-08-19","896"
"steps_goal","2015-08-20","3245"
"steps_goal","2015-08-21","6863"
"steps_goal","2015-08-22","3601"
"steps_goal","2015-08-23","2357"
"steps_goal","2015-08-24","3058"
"steps_goal","2015-08-25","6633"
"steps_goal","2015-08-27","4175"
"steps_goal","2015-08-28","7590"
"steps_goal","2015-08-29","5461"
"steps_goal","2015-08-30","2700"
"steps_goal","2015-08-31","3433"
"steps_goal","2015-09-01","6633"
"steps_goal","2015-09-02","3362"
"steps_goal","2015-09-03","4175"
"steps_goal","2015-09-04","15372"
"steps_goal","2015-09-05","5461"
"steps_goal","2015-09-06","2744"
"steps_goal","2015-09-07","3433"
"steps_goal","2015-09-08","6661"
"steps_goal","2015-09-09","3534"
"steps_goal","2015-09-10","5728"
"steps_goal","2015-09-11","21098"
"steps_goal","2015-09-12","5461"
"steps_goal","2015-09-13","3420"
"steps_goal","2015-09-14","4344"
"steps_goal","2015-09-15","6633"
"steps_goal","2015-09-16","3534"
"steps_goal","2015-09-17","5728"
"steps_goal","2015-09-18","21098"
"steps_goal","2015-09-19","7344"
"steps_goal","2015-09-20","3566"
"steps_goal","2015-09-21","5505"
"steps_goal","2015-09-22","6633"
"steps_goal","2015-09-23","6341"
"steps_goal","2015-09-24","6388"
"steps_goal","2015-09-25","21098"
"steps_goal","2015-09-26","7344"
"time_in_bed","2015-07-26","None"
"time_in_bed","2015-07-27","611"
"time_in_bed","2015-07-28","575"
"time_in_bed","2015-07-29","553"
"time_in_bed","2015-07-30","569"
"time_in_bed","2015-07-31","444"
"time_in_bed","2015-08-01","277"
"time_in_bed","2015-08-02","500"
"time_in_bed","2015-08-03","None"
"time_in_bed","2015-08-04","464"
"time_in_bed","2015-08-05","484"
"time_in_bed","2015-08-06","480"
"time_in_bed","2015-08-07","502"
"time_in_bed","2015-08-08","None"
"time_in_bed","2015-08-09","414"
"time_in_bed","2015-08-10","496"
"time_in_bed","2015-08-11","506"
"time_in_bed","2015-08-12","536"
"time_in_bed","2015-08-13","400"
"time_in_bed","2015-08-14","434"
"time_in_bed","2015-08-15","None"
"time_in_bed","2015-08-16","None"
"time_in_bed","2015-08-17","None"
"time_in_bed","2015-08-18","473"
"time_in_bed","2015-08-19","619"
"time_in_bed","2015-08-20","559"
"time_in_bed","2015-08-21","591"
"time_in_bed","2015-08-22","None"
"time_in_bed","2015-08-23","618"
"time_in_bed","2015-08-24","575"
"time_in_bed","2015-08-25","None"
"time_in_bed","2015-08-27","None"
"time_in_bed","2015-08-28","None"
"time_in_bed","2015-08-29","626"
"time_in_bed","2015-08-30","656"
"time_in_bed","2015-08-31","757"
"time_in_bed","2015-09-01","None"
"time_in_bed","2015-09-02","547"
"time_in_bed","2015-09-03","526"
"time_in_bed","2015-09-04","None"
"time_in_bed","2015-09-05","None"
"time_in_bed","2015-09-06","471"
"time_in_bed","2015-09-07","590"
"time_in_bed","2015-09-08","None"
"time_in_bed","2015-09-09","None"
"time_in_bed","2015-09-10","None"
"time_in_bed","2015-09-11","954"
"time_in_bed","2015-09-12","446"
"time_in_bed","2015-09-13","None"
"time_in_bed","2015-09-14","689"
"time_in_bed","2015-09-15","692"
"time_in_bed","2015-09-16","None"
"time_in_bed","2015-09-17","658"
"time_in_bed","2015-09-18","None"
"time_in_bed","2015-09-19","961"
"time_in_bed","2015-09-20","None"
"time_in_bed","2015-09-21","None"
"time_in_bed","2015-09-22","443"
"time_in_bed","2015-09-23","None"
"time_in_bed","2015-09-24","568"
"time_in_bed","2015-09-25","None"
"time_in_bed","2015-09-26","None"
"tracks","2015-07-26","14"
"tracks","2015-07-27","66"
"tracks","2015-07-28","123"
"tracks","2015-07-29","54"
"tracks","2015-07-30","65"
"tracks","2015-07-31","17"
"tracks","2015-08-01","194"
"tracks","2015-08-02","50"
"tracks","2015-08-03","51"
"tracks","2015-08-04","105"
"tracks","2015-08-05","51"
"tracks","2015-08-06","117"
"tracks","2015-08-07","89"
"tracks","2015-08-08","53"
"tracks","2015-08-09","99"
"tracks","2015-08-10","76"
"tracks","2015-08-11","69"
"tracks","2015-08-12","92"
"tracks","2015-08-13","60"
"tracks","2015-08-14","55"
"tracks","2015-08-15","35"
"tracks","2015-08-16","88"
"tracks","2015-08-17","49"
"tracks","2015-08-18","66"
"tracks","2015-08-19","97"
"tracks","2015-08-20","107"
"tracks","2015-08-21","94"
"tracks","2015-08-22","32"
"tracks","2015-08-23","115"
"tracks","2015-08-24","117"
"tracks","2015-08-25","20"
"tracks","2015-08-27","9"
"tracks","2015-08-28","20"
"tracks","2015-08-29","167"
"tracks","2015-08-30","66"
"tracks","2015-08-31","65"
"tracks","2015-09-01","43"
"tracks","2015-09-02","46"
"tracks","2015-09-03","60"
"tracks","2015-09-04","20"
"tracks","2015-09-05","38"
"tracks","2015-09-06","52"
"tracks","2015-09-07","79"
"tracks","2015-09-08","84"
"tracks","2015-09-09","118"
"tracks","2015-09-10","40"
"tracks","2015-09-11","37"
"tracks","2015-09-12","19"
"tracks","2015-09-13","12"
"tracks","2015-09-14","87"
"tracks","2015-09-15","9"
"tracks","2015-09-16","86"
"tracks","2015-09-17","55"
"tracks","2015-09-18","10"
"tracks","2015-09-19","37"
"tracks","2015-09-20","11"
"tracks","2015-09-21","71"
"tracks","2015-09-22","110"
"tracks","2015-09-23","64"
"tracks","2015-09-24","26"
"tracks","2015-09-25","86"
"tracks","2015-09-26","8"
"tweets","2015-07-26","0"
"tweets","2015-07-27","0"
"tweets","2015-07-28","0"
"tweets","2015-07-29","0"
"tweets","2015-07-30","0"
"tweets","2015-07-31","0"
"tweets","2015-08-01","0"
"tweets","2015-08-02","0"
"tweets","2015-08-03","0"
"tweets","2015-08-04","0"
"tweets","2015-08-05","0"
"tweets","2015-08-06","0"
"tweets","2015-08-07","0"
"tweets","2015-08-08","0"
"tweets","2015-08-09","0"
"tweets","2015-08-10","0"
"tweets","2015-08-11","1"
"tweets","2015-08-12","0"
"tweets","2015-08-13","0"
"tweets","2015-08-14","0"
"tweets","2015-08-15","0"
"tweets","2015-08-16","0"
"tweets","2015-08-17","0"
"tweets","2015-08-18","0"
"tweets","2015-08-19","0"
"tweets","2015-08-20","0"
"tweets","2015-08-21","0"
"tweets","2015-08-22","0"
"tweets","2015-08-23","0"
"tweets","2015-08-24","0"
"tweets","2015-08-25","0"
"tweets","2015-08-27","0"
"tweets","2015-08-28","0"
"tweets","2015-08-29","0"
"tweets","2015-08-30","0"
"tweets","2015-08-31","0"
"tweets","2015-09-01","0"
"tweets","2015-09-02","0"
"tweets","2015-09-03","0"
"tweets","2015-09-04","0"
"tweets","2015-09-05","0"
"tweets","2015-09-06","0"
"tweets","2015-09-07","0"
"tweets","2015-09-08","0"
"tweets","2015-09-09","0"
"tweets","2015-09-10","0"
"tweets","2015-09-11","0"
"tweets","2015-09-12","0"
"tweets","2015-09-13","0"
"tweets","2015-09-14","0"
"tweets","2015-09-15","0"
"tweets","2015-09-16","0"
"tweets","2015-09-17","0"
"tweets","2015-09-18","0"
"tweets","2015-09-19","0"
"tweets","2015-09-20","0"
"tweets","2015-09-21","0"
"tweets","2015-09-22","0"
"tweets","2015-09-23","0"
"tweets","2015-09-24","0"
"tweets","2015-09-25","0"
"tweets","2015-09-26","0"
"twitter_mentions","2015-07-26","0"
"twitter_mentions","2015-07-27","0"
"twitter_mentions","2015-07-28","0"
"twitter_mentions","2015-07-29","0"
"twitter_mentions","2015-07-30","0"
"twitter_mentions","2015-07-31","0"
"twitter_mentions","2015-08-01","0"
"twitter_mentions","2015-08-02","0"
"twitter_mentions","2015-08-03","0"
"twitter_mentions","2015-08-04","0"
"twitter_mentions","2015-08-05","0"
"twitter_mentions","2015-08-06","0"
"twitter_mentions","2015-08-07","0"
"twitter_mentions","2015-08-08","0"
"twitter_mentions","2015-08-09","0"
"twitter_mentions","2015-08-10","0"
"twitter_mentions","2015-08-11","2"
"twitter_mentions","2015-08-12","0"
"twitter_mentions","2015-08-13","0"
"twitter_mentions","2015-08-14","0"
"twitter_mentions","2015-08-15","0"
"twitter_mentions","2015-08-16","0"
"twitter_mentions","2015-08-17","0"
"twitter_mentions","2015-08-18","0"
"twitter_mentions","2015-08-19","0"
"twitter_mentions","2015-08-20","0"
"twitter_mentions","2015-08-21","0"
"twitter_mentions","2015-08-22","0"
"twitter_mentions","2015-08-23","0"
"twitter_mentions","2015-08-24","0"
"twitter_mentions","2015-08-25","0"
"twitter_mentions","2015-08-27","0"
"twitter_mentions","2015-08-28","0"
"twitter_mentions","2015-08-29","0"
"twitter_mentions","2015-08-30","0"
"twitter_mentions","2015-08-31","0"
"twitter_mentions","2015-09-01","0"
"twitter_mentions","2015-09-02","0"
"twitter_mentions","2015-09-03","0"
"twitter_mentions","2015-09-04","0"
"twitter_mentions","2015-09-05","0"
"twitter_mentions","2015-09-06","0"
"twitter_mentions","2015-09-07","0"
"twitter_mentions","2015-09-08","0"
"twitter_mentions","2015-09-09","0"
"twitter_mentions","2015-09-10","0"
"twitter_mentions","2015-09-11","0"
"twitter_mentions","2015-09-12","0"
"twitter_mentions","2015-09-13","0"
"twitter_mentions","2015-09-14","0"
"twitter_mentions","2015-09-15","0"
"twitter_mentions","2015-09-16","0"
"twitter_mentions","2015-09-17","0"
"twitter_mentions","2015-09-18","0"
"twitter_mentions","2015-09-19","0"
"twitter_mentions","2015-09-20","0"
"twitter_mentions","2015-09-21","0"
"twitter_mentions","2015-09-22","0"
"twitter_mentions","2015-09-23","0"
"twitter_mentions","2015-09-24","0"
"twitter_mentions","2015-09-25","0"
"twitter_mentions","2015-09-26","0"
"twitter_username","2015-07-26","rhyan24385"
"twitter_username","2015-07-27","rhyan24385"
"twitter_username","2015-07-28","rhyan24385"
"twitter_username","2015-07-29","rhyan24385"
"twitter_username","2015-07-30","rhyan24385"
"twitter_username","2015-07-31","rhyan24385"
"twitter_username","2015-08-01","rhyan24385"
"twitter_username","2015-08-02","rhyan24385"
"twitter_username","2015-08-03","rhyan24385"
"twitter_username","2015-08-04","rhyan24385"
"twitter_username","2015-08-05","rhyan24385"
"twitter_username","2015-08-06","rhyan24385"
"twitter_username","2015-08-07","rhyan24385"
"twitter_username","2015-08-08","rhyan24385"
"twitter_username","2015-08-09","rhyan24385"
"twitter_username","2015-08-10","rhyan24385"
"twitter_username","2015-08-11","rhyan24385"
"twitter_username","2015-08-12","rhyan24385"
"twitter_username","2015-08-13","rhyan24385"
"twitter_username","2015-08-14","rhyan24385"
"twitter_username","2015-08-15","rhyan24385"
"twitter_username","2015-08-16","rhyan24385"
"twitter_username","2015-08-17","rhyan24385"
"twitter_username","2015-08-18","rhyan24385"
"twitter_username","2015-08-19","rhyan24385"
"twitter_username","2015-08-20","rhyan24385"
"twitter_username","2015-08-21","rhyan24385"
"twitter_username","2015-08-22","rhyan24385"
"twitter_username","2015-08-23","rhyan24385"
"twitter_username","2015-08-24","rhyan24385"
"twitter_username","2015-08-25","rhyan24385"
"twitter_username","2015-08-27","rhyan24385"
"twitter_username","2015-08-28","rhyan24385"
"twitter_username","2015-08-29","rhyan24385"
"twitter_username","2015-08-30","rhyan24385"
"twitter_username","2015-08-31","rhyan24385"
"twitter_username","2015-09-01","rhyan24385"
"twitter_username","2015-09-02","rhyan24385"
"twitter_username","2015-09-03","rhyan24385"
"twitter_username","2015-09-04","rhyan24385"
"twitter_username","2015-09-05","rhyan24385"
"twitter_username","2015-09-06","rhyan24385"
"twitter_username","2015-09-07","rhyan24385"
"twitter_username","2015-09-08","rhyan24385"
"twitter_username","2015-09-09","rhyan24385"
"twitter_username","2015-09-10","rhyan24385"
"twitter_username","2015-09-11","rhyan24385"
"twitter_username","2015-09-12","rhyan24385"
"twitter_username","2015-09-13","rhyan24385"
"twitter_username","2015-09-14","rhyan24385"
"twitter_username","2015-09-15","rhyan24385"
"twitter_username","2015-09-16","rhyan24385"
"twitter_username","2015-09-17","rhyan24385"
"twitter_username","2015-09-18","rhyan24385"
"twitter_username","2015-09-19","rhyan24385"
"twitter_username","2015-09-20","rhyan24385"
"twitter_username","2015-09-21","rhyan24385"
"twitter_username","2015-09-22","rhyan24385"
"twitter_username","2015-09-23","rhyan24385"
"twitter_username","2015-09-24","rhyan24385"
"twitter_username","2015-09-25","rhyan24385"
"twitter_username","2015-09-26","rhyan24385"
"weather_cloud_cover","2015-07-26","0.84"
"weather_cloud_cover","2015-07-27","0.88"
"weather_cloud_cover","2015-07-28","0.54"
"weather_cloud_cover","2015-07-29","0.47"
"weather_cloud_cover","2015-07-30","0.36"
"weather_cloud_cover","2015-07-31","0.23"
"weather_cloud_cover","2015-08-01","0.54"
"weather_cloud_cover","2015-08-02","0.4"
"weather_cloud_cover","2015-08-03","0.56"
"weather_cloud_cover","2015-08-04","0.56"
"weather_cloud_cover","2015-08-05","0.61"
"weather_cloud_cover","2015-08-06","0.62"
"weather_cloud_cover","2015-08-07","0.29"
"weather_cloud_cover","2015-08-08","0.13"
"weather_cloud_cover","2015-08-09","0.59"
"weather_cloud_cover","2015-08-10","0.66"
"weather_cloud_cover","2015-08-11","0.46"
"weather_cloud_cover","2015-08-12","0.44"
"weather_cloud_cover","2015-08-13","0.71"
"weather_cloud_cover","2015-08-14","0.9"
"weather_cloud_cover","2015-08-15","0.45"
"weather_cloud_cover","2015-08-16","0.31"
"weather_cloud_cover","2015-08-17","0.4"
"weather_cloud_cover","2015-08-18","0.33"
"weather_cloud_cover","2015-08-19","0.78"
"weather_cloud_cover","2015-08-20","0.8"
"weather_cloud_cover","2015-08-21","0.89"
"weather_cloud_cover","2015-08-22","0.69"
"weather_cloud_cover","2015-08-23","0.76"
"weather_cloud_cover","2015-08-24","0.84"
"weather_cloud_cover","2015-08-25","0.6"
"weather_cloud_cover","2015-08-27","0.39"
"weather_cloud_cover","2015-08-28","0.4"
"weather_cloud_cover","2015-08-29","0.55"
"weather_cloud_cover","2015-08-30","0.79"
"weather_cloud_cover","2015-08-31","0.87"
"weather_cloud_cover","2015-09-01","0.44"
"weather_cloud_cover","2015-09-02","0.43"
"weather_cloud_cover","2015-09-03","0.78"
"weather_cloud_cover","2015-09-04","0.63"
"weather_cloud_cover","2015-09-05","0.56"
"weather_cloud_cover","2015-09-06","0.1"
"weather_cloud_cover","2015-09-07","0.07"
"weather_cloud_cover","2015-09-08","0.29"
"weather_cloud_cover","2015-09-09","0.34"
"weather_cloud_cover","2015-09-10","0.19"
"weather_cloud_cover","2015-09-11","0.55"
"weather_cloud_cover","2015-09-12","0.61"
"weather_cloud_cover","2015-09-13","0.56"
"weather_cloud_cover","2015-09-14","0.8"
"weather_cloud_cover","2015-09-15","0.76"
"weather_cloud_cover","2015-09-16","0.74"
"weather_cloud_cover","2015-09-17","0.49"
"weather_cloud_cover","2015-09-18","0.56"
"weather_cloud_cover","2015-09-19","0.18"
"weather_cloud_cover","2015-09-20","0.66"
"weather_cloud_cover","2015-09-21","0.56"
"weather_cloud_cover","2015-09-22","0.64"
"weather_cloud_cover","2015-09-23","0.48"
"weather_cloud_cover","2015-09-24","0.71"
"weather_cloud_cover","2015-09-25","0.33"
"weather_cloud_cover","2015-09-26","0.07"
"weather_icon","2015-07-26","rain"
"weather_icon","2015-07-27","partly-cloudy-day"
"weather_icon","2015-07-28","partly-cloudy-day"
"weather_icon","2015-07-29","partly-cloudy-day"
"weather_icon","2015-07-30","partly-cloudy-day"
"weather_icon","2015-07-31","partly-cloudy-night"
"weather_icon","2015-08-01","rain"
"weather_icon","2015-08-02","partly-cloudy-day"
"weather_icon","2015-08-03","partly-cloudy-day"
"weather_icon","2015-08-04","rain"
"weather_icon","2015-08-05","rain"
"weather_icon","2015-08-06","partly-cloudy-day"
"weather_icon","2015-08-07","partly-cloudy-day"
"weather_icon","2015-08-08","partly-cloudy-day"
"weather_icon","2015-08-09","rain"
"weather_icon","2015-08-10","rain"
"weather_icon","2015-08-11","partly-cloudy-day"
"weather_icon","2015-08-12","partly-cloudy-day"
"weather_icon","2015-08-13","rain"
"weather_icon","2015-08-14","rain"
"weather_icon","2015-08-15","partly-cloudy-day"
"weather_icon","2015-08-16","partly-cloudy-day"
"weather_icon","2015-08-17","partly-cloudy-day"
"weather_icon","2015-08-18","partly-cloudy-day"
"weather_icon","2015-08-19","rain"
"weather_icon","2015-08-20","partly-cloudy-day"
"weather_icon","2015-08-21","rain"
"weather_icon","2015-08-22","rain"
"weather_icon","2015-08-23","rain"
"weather_icon","2015-08-24","rain"
"weather_icon","2015-08-25","rain"
"weather_icon","2015-08-27","rain"
"weather_icon","2015-08-28","partly-cloudy-day"
"weather_icon","2015-08-29","partly-cloudy-day"
"weather_icon","2015-08-30","rain"
"weather_icon","2015-08-31","rain"
"weather_icon","2015-09-01","partly-cloudy-day"
"weather_icon","2015-09-02","partly-cloudy-day"
"weather_icon","2015-09-03","partly-cloudy-day"
"weather_icon","2015-09-04","partly-cloudy-day"
"weather_icon","2015-09-05","partly-cloudy-day"
"weather_icon","2015-09-06","clear-day"
"weather_icon","2015-09-07","clear-day"
"weather_icon","2015-09-08","partly-cloudy-day"
"weather_icon","2015-09-09","partly-cloudy-day"
"weather_icon","2015-09-10","partly-cloudy-day"
"weather_icon","2015-09-11","rain"
"weather_icon","2015-09-12","rain"
"weather_icon","2015-09-13","rain"
"weather_icon","2015-09-14","rain"
"weather_icon","2015-09-15","rain"
"weather_icon","2015-09-16","rain"
"weather_icon","2015-09-17","rain"
"weather_icon","2015-09-18","partly-cloudy-day"
"weather_icon","2015-09-19","fog"
"weather_icon","2015-09-20","rain"
"weather_icon","2015-09-21","rain"
"weather_icon","2015-09-22","rain"
"weather_icon","2015-09-23","rain"
"weather_icon","2015-09-24","rain"
"weather_icon","2015-09-25","partly-cloudy-day"
"weather_icon","2015-09-26","clear-day"
"weather_precipitation","2015-07-26","0.658"
"weather_precipitation","2015-07-27","0.081"
"weather_precipitation","2015-07-28","0.013"
"weather_precipitation","2015-07-29","0.048"
"weather_precipitation","2015-07-30","0.005"
"weather_precipitation","2015-07-31","0.0"
"weather_precipitation","2015-08-01","0.038"
"weather_precipitation","2015-08-02","0.0"
"weather_precipitation","2015-08-03","0.015"
"weather_precipitation","2015-08-04","0.132"
"weather_precipitation","2015-08-05","0.048"
"weather_precipitation","2015-08-06","0.028"
"weather_precipitation","2015-08-07","0.0"
"weather_precipitation","2015-08-08","0.0"
"weather_precipitation","2015-08-09","0.064"
"weather_precipitation","2015-08-10","0.14"
"weather_precipitation","2015-08-11","0.0"
"weather_precipitation","2015-08-12","0.0"
"weather_precipitation","2015-08-13","0.643"
"weather_precipitation","2015-08-14","0.47"
"weather_precipitation","2015-08-15","0.01"
"weather_precipitation","2015-08-16","0.02"
"weather_precipitation","2015-08-17","0.0"
"weather_precipitation","2015-08-18","0.0"
"weather_precipitation","2015-08-19","0.625"
"weather_precipitation","2015-08-20","0.046"
"weather_precipitation","2015-08-21","0.069"
"weather_precipitation","2015-08-22","0.503"
"weather_precipitation","2015-08-23","0.823"
"weather_precipitation","2015-08-24","0.231"
"weather_precipitation","2015-08-25","0.208"
"weather_precipitation","2015-08-27","0.056"
"weather_precipitation","2015-08-28","0.015"
"weather_precipitation","2015-08-29","0.008"
"weather_precipitation","2015-08-30","0.178"
"weather_precipitation","2015-08-31","0.549"
"weather_precipitation","2015-09-01","0.025"
"weather_precipitation","2015-09-02","0.033"
"weather_precipitation","2015-09-03","0.033"
"weather_precipitation","2015-09-04","0.01"
"weather_precipitation","2015-09-05","0.015"
"weather_precipitation","2015-09-06","0.0"
"weather_precipitation","2015-09-07","0.0"
"weather_precipitation","2015-09-08","0.0"
"weather_precipitation","2015-09-09","0.0"
"weather_precipitation","2015-09-10","0.0"
"weather_precipitation","2015-09-11","0.145"
"weather_precipitation","2015-09-12","0.244"
"weather_precipitation","2015-09-13","0.104"
"weather_precipitation","2015-09-14","0.648"
"weather_precipitation","2015-09-15","0.61"
"weather_precipitation","2015-09-16","0.091"
"weather_precipitation","2015-09-17","0.053"
"weather_precipitation","2015-09-18","0.043"
"weather_precipitation","2015-09-19","0.002"
"weather_precipitation","2015-09-20","0.018"
"weather_precipitation","2015-09-21","0.262"
"weather_precipitation","2015-09-22","0.325"
"weather_precipitation","2015-09-23","0.069"
"weather_precipitation","2015-09-24","0.175"
"weather_precipitation","2015-09-25","0.0"
"weather_precipitation","2015-09-26","0.0"
"weather_summary","2015-07-26","Rain throughout the day."
"weather_summary","2015-07-27","Mostly cloudy throughout the day."
"weather_summary","2015-07-28","Partly cloudy until evening."
"weather_summary","2015-07-29","Partly cloudy throughout the day."
"weather_summary","2015-07-30","Partly cloudy until evening."
"weather_summary","2015-07-31","Partly cloudy starting in the evening."
"weather_summary","2015-08-01","Drizzle in the afternoon."
"weather_summary","2015-08-02","Partly cloudy throughout the day."
"weather_summary","2015-08-03","Partly cloudy throughout the day."
"weather_summary","2015-08-04","Light rain until afternoon."
"weather_summary","2015-08-05","Light rain in the evening."
"weather_summary","2015-08-06","Partly cloudy throughout the day."
"weather_summary","2015-08-07","Partly cloudy starting in the afternoon."
"weather_summary","2015-08-08","Partly cloudy in the morning."
"weather_summary","2015-08-09","Light rain in the morning."
"weather_summary","2015-08-10","Light rain until afternoon."
"weather_summary","2015-08-11","Partly cloudy throughout the day."
"weather_summary","2015-08-12","Partly cloudy throughout the day."
"weather_summary","2015-08-13","Rain throughout the day."
"weather_summary","2015-08-14","Light rain until evening."
"weather_summary","2015-08-15","Partly cloudy until evening."
"weather_summary","2015-08-16","Partly cloudy until evening."
"weather_summary","2015-08-17","Partly cloudy throughout the day."
"weather_summary","2015-08-18","Partly cloudy throughout the day."
"weather_summary","2015-08-19","Rain throughout the day."
"weather_summary","2015-08-20","Mostly cloudy throughout the day."
"weather_summary","2015-08-21","Drizzle in the afternoon."
"weather_summary","2015-08-22","Rain in the morning and evening."
"weather_summary","2015-08-23","Rain until afternoon."
"weather_summary","2015-08-24","Light rain until evening."
"weather_summary","2015-08-25","Rain until evening, starting again overnight."
"weather_summary","2015-08-27","Drizzle in the morning."
"weather_summary","2015-08-28","Partly cloudy throughout the day."
"weather_summary","2015-08-29","Partly cloudy throughout the day."
"weather_summary","2015-08-30","Rain until afternoon, starting again overnight."
"weather_summary","2015-08-31","Light rain until afternoon."
"weather_summary","2015-09-01","Partly cloudy throughout the day."
"weather_summary","2015-09-02","Mostly cloudy throughout the day."
"weather_summary","2015-09-03","Mostly cloudy throughout the day."
"weather_summary","2015-09-04","Mostly cloudy throughout the day."
"weather_summary","2015-09-05","Partly cloudy until evening."
"weather_summary","2015-09-06","Clear throughout the day."
"weather_summary","2015-09-07","Clear throughout the day."
"weather_summary","2015-09-08","Partly cloudy until evening."
"weather_summary","2015-09-09","Partly cloudy until evening."
"weather_summary","2015-09-10","Partly cloudy in the morning."
"weather_summary","2015-09-11","Light rain starting in the evening."
"weather_summary","2015-09-12","Light rain until afternoon."
"weather_summary","2015-09-13","Light rain starting in the evening."
"weather_summary","2015-09-14","Rain throughout the day."
"weather_summary","2015-09-15","Light rain until afternoon."
"weather_summary","2015-09-16","Light rain starting in the afternoon."
"weather_summary","2015-09-17","Drizzle starting in the afternoon, continuing until evening."
"weather_summary","2015-09-18","Partly cloudy throughout the day."
"weather_summary","2015-09-19","Foggy in the morning."
"weather_summary","2015-09-20","Light rain overnight."
"weather_summary","2015-09-21","Light rain until evening, starting again overnight."
"weather_summary","2015-09-22","Light rain until evening."
"weather_summary","2015-09-23","Light rain in the afternoon and overnight."
"weather_summary","2015-09-24","Light rain in the morning."
"weather_summary","2015-09-25","Partly cloudy starting in the afternoon, continuing until evening."
"weather_summary","2015-09-26","Clear throughout the day."
"weather_temp_max","2015-07-26","15.8"
"weather_temp_max","2015-07-27","16.1"
"weather_temp_max","2015-07-28","16.8"
"weather_temp_max","2015-07-29","15.7"
"weather_temp_max","2015-07-30","17.5"
"weather_temp_max","2015-07-31","19.3"
"weather_temp_max","2015-08-01","17.6"
"weather_temp_max","2015-08-02","22.6"
"weather_temp_max","2015-08-03","19.6"
"weather_temp_max","2015-08-04","17.6"
"weather_temp_max","2015-08-05","18.6"
"weather_temp_max","2015-08-06","19.1"
"weather_temp_max","2015-08-07","20.2"
"weather_temp_max","2015-08-08","22.8"
"weather_temp_max","2015-08-09","20.1"
"weather_temp_max","2015-08-10","18.8"
"weather_temp_max","2015-08-11","18.5"
"weather_temp_max","2015-08-12","22.2"
"weather_temp_max","2015-08-13","18.9"
"weather_temp_max","2015-08-14","16.7"
"weather_temp_max","2015-08-15","16.8"
"weather_temp_max","2015-08-16","17.9"
"weather_temp_max","2015-08-17","19.6"
"weather_temp_max","2015-08-18","19.3"
"weather_temp_max","2015-08-19","15.6"
"weather_temp_max","2015-08-20","20.2"
"weather_temp_max","2015-08-21","19.6"
"weather_temp_max","2015-08-22","25.2"
"weather_temp_max","2015-08-23","17.8"
"weather_temp_max","2015-08-24","14.5"
"weather_temp_max","2015-08-25","15.5"
"weather_temp_max","2015-08-27","17.3"
"weather_temp_max","2015-08-28","17.9"
"weather_temp_max","2015-08-29","19.3"
"weather_temp_max","2015-08-30","16.7"
"weather_temp_max","2015-08-31","15.0"
"weather_temp_max","2015-09-01","17.3"
"weather_temp_max","2015-09-02","15.8"
"weather_temp_max","2015-09-03","14.4"
"weather_temp_max","2015-09-04","16.9"
"weather_temp_max","2015-09-05","14.7"
"weather_temp_max","2015-09-06","17.6"
"weather_temp_max","2015-09-07","19.4"
"weather_temp_max","2015-09-08","15.6"
"weather_temp_max","2015-09-09","17.3"
"weather_temp_max","2015-09-10","20.5"
"weather_temp_max","2015-09-11","19.6"
"weather_temp_max","2015-09-12","16.5"
"weather_temp_max","2015-09-13","16.8"
"weather_temp_max","2015-09-14","14.6"
"weather_temp_max","2015-09-15","16.5"
"weather_temp_max","2015-09-16","15.0"
"weather_temp_max","2015-09-17","16.4"
"weather_temp_max","2015-09-18","17.6"
"weather_temp_max","2015-09-19","17.9"
"weather_temp_max","2015-09-20","16.1"
"weather_temp_max","2015-09-21","15.7"
"weather_temp_max","2015-09-22","13.8"
"weather_temp_max","2015-09-23","15.7"
"weather_temp_max","2015-09-24","15.1"
"weather_temp_max","2015-09-25","15.6"
"weather_temp_max","2015-09-26","15.8"
"weather_temp_min","2015-07-26","11.6"
"weather_temp_min","2015-07-27","14.0"
"weather_temp_min","2015-07-28","12.8"
"weather_temp_min","2015-07-29","10.3"
"weather_temp_min","2015-07-30","9.8"
"weather_temp_min","2015-07-31","7.7"
"weather_temp_min","2015-08-01","9.2"
"weather_temp_min","2015-08-02","11.7"
"weather_temp_min","2015-08-03","15.1"
"weather_temp_min","2015-08-04","11.9"
"weather_temp_min","2015-08-05","13.0"
"weather_temp_min","2015-08-06","13.4"
"weather_temp_min","2015-08-07","10.2"
"weather_temp_min","2015-08-08","11.9"
"weather_temp_min","2015-08-09","11.5"
"weather_temp_min","2015-08-10","13.6"
"weather_temp_min","2015-08-11","10.7"
"weather_temp_min","2015-08-12","12.2"
"weather_temp_min","2015-08-13","14.6"
"weather_temp_min","2015-08-14","14.8"
"weather_temp_min","2015-08-15","11.9"
"weather_temp_min","2015-08-16","8.8"
"weather_temp_min","2015-08-17","11.9"
"weather_temp_min","2015-08-18","11.3"
"weather_temp_min","2015-08-19","11.9"
"weather_temp_min","2015-08-20","14.9"
"weather_temp_min","2015-08-21","16.6"
"weather_temp_min","2015-08-22","15.5"
"weather_temp_min","2015-08-23","13.1"
"weather_temp_min","2015-08-24","11.6"
"weather_temp_min","2015-08-25","10.0"
"weather_temp_min","2015-08-27","12.5"
"weather_temp_min","2015-08-28","9.9"
"weather_temp_min","2015-08-29","12.0"
"weather_temp_min","2015-08-30","13.7"
"weather_temp_min","2015-08-31","13.0"
"weather_temp_min","2015-09-01","10.5"
"weather_temp_min","2015-09-02","8.8"
"weather_temp_min","2015-09-03","9.8"
"weather_temp_min","2015-09-04","10.7"
"weather_temp_min","2015-09-05","11.0"
"weather_temp_min","2015-09-06","6.7"
"weather_temp_min","2015-09-07","7.9"
"weather_temp_min","2015-09-08","8.1"
"weather_temp_min","2015-09-09","9.4"
"weather_temp_min","2015-09-10","10.4"
"weather_temp_min","2015-09-11","10.1"
"weather_temp_min","2015-09-12","12.5"
"weather_temp_min","2015-09-13","10.0"
"weather_temp_min","2015-09-14","10.4"
"weather_temp_min","2015-09-15","10.0"
"weather_temp_min","2015-09-16","9.8"
"weather_temp_min","2015-09-17","8.4"
"weather_temp_min","2015-09-18","11.0"
"weather_temp_min","2015-09-19","8.3"
"weather_temp_min","2015-09-20","9.2"
"weather_temp_min","2015-09-21","11.4"
"weather_temp_min","2015-09-22","10.3"
"weather_temp_min","2015-09-23","8.5"
"weather_temp_min","2015-09-24","11.6"
"weather_temp_min","2015-09-25","8.7"
"weather_temp_min","2015-09-26","6.2"
"weather_wind_speed","2015-07-26","2.66"
"weather_wind_speed","2015-07-27","6.53"
"weather_wind_speed","2015-07-28","6.16"
"weather_wind_speed","2015-07-29","3.57"
"weather_wind_speed","2015-07-30","2.85"
"weather_wind_speed","2015-07-31","1.94"
"weather_wind_speed","2015-08-01","2.72"
"weather_wind_speed","2015-08-02","3.44"
"weather_wind_speed","2015-08-03","3.92"
"weather_wind_speed","2015-08-04","4.09"
"weather_wind_speed","2015-08-05","3.69"
"weather_wind_speed","2015-08-06","3.5"
"weather_wind_speed","2015-08-07","1.32"
"weather_wind_speed","2015-08-08","1.81"
"weather_wind_speed","2015-08-09","2.45"
"weather_wind_speed","2015-08-10","3.03"
"weather_wind_speed","2015-08-11","0.21"
"weather_wind_speed","2015-08-12","2.91"
"weather_wind_speed","2015-08-13","4.06"
"weather_wind_speed","2015-08-14","3.03"
"weather_wind_speed","2015-08-15","3.63"
"weather_wind_speed","2015-08-16","1.08"
"weather_wind_speed","2015-08-17","1.03"
"weather_wind_speed","2015-08-18","2.99"
"weather_wind_speed","2015-08-19","2.91"
"weather_wind_speed","2015-08-20","3.01"
"weather_wind_speed","2015-08-21","4.12"
"weather_wind_speed","2015-08-22","2.07"
"weather_wind_speed","2015-08-23","1.58"
"weather_wind_speed","2015-08-24","2.05"
"weather_wind_speed","2015-08-25","3.5"
"weather_wind_speed","2015-08-27","3.59"
"weather_wind_speed","2015-08-28","3.34"
"weather_wind_speed","2015-08-29","2.29"
"weather_wind_speed","2015-08-30","2.26"
"weather_wind_speed","2015-08-31","2.77"
"weather_wind_speed","2015-09-01","2.8"
"weather_wind_speed","2015-09-02","2.63"
"weather_wind_speed","2015-09-03","2.95"
"weather_wind_speed","2015-09-04","2.54"
"weather_wind_speed","2015-09-05","2.23"
"weather_wind_speed","2015-09-06","1.54"
"weather_wind_speed","2015-09-07","1.51"
"weather_wind_speed","2015-09-08","2.79"
"weather_wind_speed","2015-09-09","3.21"
"weather_wind_speed","2015-09-10","3.22"
"weather_wind_speed","2015-09-11","4.15"
"weather_wind_speed","2015-09-12","3.01"
"weather_wind_speed","2015-09-13","3.4"
"weather_wind_speed","2015-09-14","3.15"
"weather_wind_speed","2015-09-15","4.39"
"weather_wind_speed","2015-09-16","3.47"
"weather_wind_speed","2015-09-17","2.62"
"weather_wind_speed","2015-09-18","1.57"
"weather_wind_speed","2015-09-19","0.67"
"weather_wind_speed","2015-09-20","2.41"
"weather_wind_speed","2015-09-21","3.29"
"weather_wind_speed","2015-09-22","3.78"
"weather_wind_speed","2015-09-23","3.76"
"weather_wind_speed","2015-09-24","4.42"
"weather_wind_speed","2015-09-25","2.1"
"weather_wind_speed","2015-09-26","1.58"
"weight","2015-07-26","56.9"
"weight","2015-07-27","56.9"
"weight","2015-07-28","56.9"
"weight","2015-07-29","56.9"
"weight","2015-07-30","56.9"
"weight","2015-07-31","56.9"
"weight","2015-08-01","56.9"
"weight","2015-08-02","56.9"
"weight","2015-08-03","56.9"
"weight","2015-08-04","56.9"
"weight","2015-08-05","56.9"
"weight","2015-08-06","56.9"
"weight","2015-08-07","56.9"
"weight","2015-08-08","56.9"
"weight","2015-08-09","56.9"
"weight","2015-08-10","56.9"
"weight","2015-08-11","56.9"
"weight","2015-08-12","56.9"
"weight","2015-08-13","56.9"
"weight","2015-08-14","56.9"
"weight","2015-08-15","56.9"
"weight","2015-08-16","56.9"
"weight","2015-08-17","56.9"
"weight","2015-08-18","56.9"
"weight","2015-08-19","56.9"
"weight","2015-08-20","56.9"
"weight","2015-08-21","56.9"
"weight","2015-08-22","56.9"
"weight","2015-08-23","56.9"
"weight","2015-08-24","56.9"
"weight","2015-08-25","56.9"
"weight","2015-08-27","56.9"
"weight","2015-08-28","56.9"
"weight","2015-08-29","56.9"
"weight","2015-08-30","56.9"
"weight","2015-08-31","56.9"
"weight","2015-09-01","56.9"
"weight","2015-09-02","56.9"
"weight","2015-09-03","56.9"
"weight","2015-09-04","56.9"
"weight","2015-09-05","56.9"
"weight","2015-09-06","56.9"
"weight","2015-09-07","56.9"
"weight","2015-09-08","56.9"
"weight","2015-09-09","56.9"
"weight","2015-09-10","56.9"
"weight","2015-09-11","56.9"
"weight","2015-09-12","56.9"
"weight","2015-09-13","56.9"
"weight","2015-09-14","56.9"
"weight","2015-09-15","56.9"
"weight","2015-09-16","56.9"
"weight","2015-09-17","56.9"
"weight","2015-09-18","56.9"
"weight","2015-09-19","56.9"
"weight","2015-09-20","56.9"
"weight","2015-09-21","56.9"
"weight","2015-09-22","56.9"
"weight","2015-09-23","56.9"
"weight","2015-09-24","56.9"
"weight","2015-09-25","56.9"
"weight","2015-09-26","56.9"
"test1","2015-09-26","3000"
"test1","2015-09-26","2500"
"test1","2015-09-26","2000"
"test1","2015-09-26","1500"
"test2","2015-09-26","1"
"test2","2015-09-26","2"
"test2","2015-09-26","3"
"test2","2015-09-26","4"
"test3","2015-09-26","0.5"
"test3","2015-09-26","1"
"test3","2015-09-26", "1.2"
"test3","2015-09-26","2"
"test4","2015-09-26","10"
"test4","2015-09-26","7"
"test4","2015-09-26","7"
"test4","2015-09-26","4"
